match_id,team,player_id,player,WPR_score
3893787,New Zealand Women's,21062,Alexandra Riley,0.07268650479622508
3893787,New Zealand Women's,25662,Catherine Joan Bott,0.10274172038796514
3893787,New Zealand Women's,131590,Claudia Bunge,0.013426926086244484
3893787,New Zealand Women's,25663,Elizabeth Doon Hassett,0.1322222629056073
3893787,New Zealand Women's,131587,Gabrielle Rose Rennie,0.014825921861823731
3893787,New Zealand Women's,25658,Hannah Wilkinson,0.13050673676221244
3893787,New Zealand Women's,66217,Indiah-Paige Janita Riley,0.06897028433268393
3893787,New Zealand Women's,392266,Jacqueline Anne Hand,0.10004363424577982
3893787,New Zealand Women's,5028,Katie Bowen,0.06894425740761462
3893787,New Zealand Women's,401642,Malia Grace Steinmetz,0.0959635763876739
3893787,New Zealand Women's,25657,Paige Therese Satchell,0.04272409005858679
3893787,New Zealand Women's,4989,Rebekah Ashley Stott,0.05826128465136186
3893787,New Zealand Women's,18145,Ria Percival,0.06749249088346174
3893787,New Zealand Women's,214481,Victoria Esson,0.031190309232759124
3893787,Norway Women's,10385,Ada Stolsmo Hegerberg,0.09692065378892416
3893787,Norway Women's,10390,Anja Sønstevold,0.027586254974967396
3893787,Norway Women's,36800,Aurora Watten Mikalsen,0.02318162279364895
3893787,Norway Women's,10386,Caroline Graham Hansen,0.08508170831574453
3893787,Norway Women's,10392,Emilie Haavi,0.04183206633503661
3893787,Norway Women's,10516,Frida Maanum,0.10654007369874127
3893787,Norway Women's,10514,Guro Reiten,0.10713040881126644
3893787,Norway Women's,24374,Ingrid Syrstad Engen,0.0875493350181518
3893787,Norway Women's,191851,Julie Blakstad,0.0573273381095561
3893787,Norway Women's,10395,Maren Nævdal Mjelde,0.053177122675882704
3893787,Norway Women's,401645,Mathilde Hauge Harviken,0.07688208136598451
3893787,Norway Women's,276303,Thea Bjelde,0.08294637678726076
3893787,Norway Women's,276288,Tuva Hansen,0.11570446546506884
3893787,Norway Women's,25466,Vilde Bøe Risa,0.038140491859766076
3893788,Australia Women's,5078,Alanna Stephanie Kennedy,0.15984922349632424
3893788,Australia Women's,11338,Caitlin Jade Foord,0.06025531447801879
3893788,Australia Women's,8382,Clare Elizabeth Polkinghorne,0.013170750364776874
3893788,Australia Women's,401635,Clare Hunt,0.13256564551307198
3893788,Australia Women's,401634,Cortnee Brooke Vine,0.054223079362590326
3893788,Australia Women's,5095,Ellie Madison Carpenter,0.08444338299093997
3893788,Australia Women's,5076,Emily Louise van Egmond,0.031998964538450025
3893788,Australia Women's,6818,Hayley Emma Raso,0.06636345389125883
3893788,Australia Women's,4979,Katrina Gorry,0.1194041669174679
3893788,Australia Women's,131586,Kyra Lillee Cooney-Cross,0.10037129909142851
3893788,Australia Women's,42787,Mackenzie Arnold,0.032734850239545386
3893788,Australia Women's,35693,Mary Boio Fowler,0.06677527828176046
3893788,Australia Women's,5000,Stephanie-Elise Catley,0.0778445908343663
3893788,Republic of Ireland Women's,401636,Abbie Larkin,0.04030685511283504
3893788,Republic of Ireland Women's,31555,Courtney Brosnan,0.03378955079697399
3893788,Republic of Ireland Women's,5084,Denise O'Sullivan,0.1337955557594077
3893788,Republic of Ireland Women's,16382,Heather Payne,0.12382251744729168
3893788,Republic of Ireland Women's,337744,Isibeal Atkinson,0.023629779706310937
3893788,Republic of Ireland Women's,15620,Katie McCabe,0.09952263532548399
3893788,Republic of Ireland Women's,142768,Kyra Carusa,0.0796676151800083
3893788,Republic of Ireland Women's,15621,Louise Quinn,0.04659018314263997
3893788,Republic of Ireland Women's,15564,Lucy Quinn,0.05340569565595482
3893788,Republic of Ireland Women's,42207,Marissa Maeve Sheva,0.04119636182876939
3893788,Republic of Ireland Women's,23413,Megan Connolly,0.10181383262468123
3893788,Republic of Ireland Women's,19777,Niamh Fahey,0.0788217006198268
3893788,Republic of Ireland Women's,35406,Ruesha Littlejohn,0.08797440930259981
3893788,Republic of Ireland Women's,389494,Sinead Farrelly,0.05566330749721637
3893789,Philippines Women's,401741,Alicia Balicoco Barker,0.04800561293868147
3893789,Philippines Women's,401731,Angela Beard,0.1283322656865648
3893789,Philippines Women's,401738,Chandler Blue Isip McDaniel,0.05123595112116544
3893789,Philippines Women's,401737,Hali Moriah Candido Long,0.09973822736562658
3893789,Philippines Women's,401742,Isabella Victoria Sola Flanigan,0.03753644931544763
3893789,Philippines Women's,401732,Jaclyn Katrina Demis Sawicki,0.10075744995717348
3893789,Philippines Women's,389446,Jessika Rebecca Macayan Cowart,0.09797570199929065
3893789,Philippines Women's,225115,Katrina Jacqueline Rivera Guillou,0.07332328465962322
3893789,Philippines Women's,401730,Meryll Serrano,0.03314019588239853
3893789,Philippines Women's,401735,Olivia Alexandra Davies Isip McDaniel,0.031280532926542856
3893789,Philippines Women's,401745,Quinley Mirielle Campomanes Quezada-Keča,0.04536119741905393
3893789,Philippines Women's,401748,Sara Kristine Bantan Eggesvik,0.08477899431564574
3893789,Philippines Women's,401733,Sarina Isabel Calpo Bolden,0.07700190618094556
3893789,Philippines Women's,324160,Sofia Nicole Dador Harrison,0.09153223023184
3893789,Switzerland Women's,18153,Alisha Lehmann,0.02611083560507783
3893789,Switzerland Women's,10408,Ana-Maria Crnogorčević,0.06587452398860413
3893789,Switzerland Women's,31630,Coumba Sow,0.07964995565834673
3893789,Switzerland Women's,10407,Eseosa Aigbogun,0.09495388607921965
3893789,Switzerland Women's,10400,Gaëlle Thalmann,0.03572312665776545
3893789,Switzerland Women's,10419,Géraldine Reuteler,0.07755430487597223
3893789,Switzerland Women's,32101,Julia Stierli,0.12488255563446676
3893789,Switzerland Women's,10405,Lia Wälti,0.053398205383552465
3893789,Switzerland Women's,46972,Luana Bühler,0.10212190011605038
3893789,Switzerland Women's,10420,Meriame Terchoun,0.019477187308106464
3893789,Switzerland Women's,276579,Nadine Riesen,0.022215305559212202
3893789,Switzerland Women's,10404,Noelle Maritz,0.13442440035396652
3893789,Switzerland Women's,4659,Ramona Bachmann,0.07410261920322747
3893789,Switzerland Women's,43045,Sandrine Mauron,0.017203851233122194
3893789,Switzerland Women's,32105,Seraina Piubel,0.07230734234330927
3893790,Canada Women's,8297,Adriana Kristina Leon,0.03777728784357483
3893790,Canada Women's,5038,Allysha Lyn Chapman,0.026330054163951035
3893790,Canada Women's,15290,Ashley Elizabeth Marie Lawrence,0.0972040011922431
3893790,Canada Women's,5020,Christine Margaret Sinclair,0.09152153322394241
3893790,Canada Women's,62906,Cloé Zoé Eyja Lacasse,0.04456536770292336
3893790,Canada Women's,25601,Deanne Cynthia Rose,0.036077410781394356
3893790,Canada Women's,41950,Evelyne Viens,0.04448258211911313
3893790,Canada Women's,25785,Jayde Yuk Fun Riviere,0.06286090260952931
3893790,Canada Women's,26091,Jordyn Pamela Huitema,0.08773027050669349
3893790,Canada Women's,131645,Julia Angela Grosso,0.07106851308946104
3893790,Canada Women's,15357,Kadeisha Buchanan,0.11172668343906553
3893790,Canada Women's,4981,Kailen Mary Iacovoni Sheridan,0.019238175277599294
3893790,Canada Women's,5043,Nichelle Patrice Prince,0.013597040251954514
3893790,Canada Women's,4951,Rebecca Quinn,0.1008926114251816
3893790,Canada Women's,15180,Sophie Schmidt,0.03191762907739332
3893790,Canada Women's,30854,Vanessa Brigitte Gilles,0.12300993729597964
3893790,Nigeria Women's,50020,Antionette Oyedupe Payne,0.11141647428734498
3893790,Nigeria Women's,135755,Ashleigh Plumptre,0.11757908859955667
3893790,Nigeria Women's,24881,Asisat Lamina Oshoala,0.08143108660097852
3893790,Nigeria Women's,25718,Chiamaka Cynthia Nnadozie,0.032736921139442814
3893790,Nigeria Women's,62908,Christy Onyenaturuchi Ucheibe,0.08571819161467091
3893790,Nigeria Women's,401723,Deborah Ajibola Abiodun,0.14008992121392752
3893790,Nigeria Women's,5022,Francisca Ordega,0.05027402545467968
3893790,Nigeria Women's,5094,Ifeoma Onumonu,0.14037200336919456
3893790,Nigeria Women's,135146,Ijeoma Esther Okoronkwo,0.010714285714285716
3893790,Nigeria Women's,401728,Jennifer Onyi Echegini,0.02350155343025928
3893790,Nigeria Women's,106836,Michelle Alozie,0.07281423737844582
3893790,Nigeria Women's,338631,Oluwatosin Blessing Demehin,0.03415507961637538
3893790,Nigeria Women's,25470,Osinachi Marvis Ohale,0.0502103360281821
3893790,Nigeria Women's,25461,Uchenna Kanu,0.04898679555265599
3893791,Spain Women's,15284,Aitana Bonmati Conca,0.10353370206224974
3893791,Spain Women's,50151,Alba María Redondo Ferrer,0.024319652897020788
3893791,Spain Women's,10143,Alexia Putellas Segura,0.04224855253280654
3893791,Spain Women's,49913,Athenea del Castillo Belvide,0.05407569661451086
3893791,Spain Women's,50156,Claudia  Zornoza Sánchez,0.033182114549495045
3893791,Spain Women's,50146,Esther Gonzalez Rodríguez,0.05159981091274799
3893791,Spain Women's,10165,Irene Paredes Hernandez,0.0931931652792547
3893791,Spain Women's,49831,Ivana Andrés Sanz,0.07186188009673591
3893791,Spain Women's,10151,Jennifer Hermoso Fuentes,0.09695715565149185
3893791,Spain Women's,10161,María Francesca Caldentey Oliver,0.05063024898425806
3893791,Spain Women's,49830,María Isabel Rodríguez Rivero,0.021476855287093567
3893791,Spain Women's,49889,Oihane Hernández Zurbano,0.01749214934800703
3893791,Spain Women's,49836,Olga  Carmona García,0.09290968815357659
3893791,Spain Women's,46639,Ona Batlle Pascual,0.0880264239558278
3893791,Spain Women's,222682,Salma Paralluelo Ayingono,0.05716242586026015
3893791,Spain Women's,49835,Teresa Abelleira Dueñas,0.10133047781466348
3893791,Costa Rica Women's,401800,Alexandra Pinell González,0.03983610885409447
3893791,Costa Rica Women's,401804,Cristín Yorleny Granados Gómez,0.026755065830525608
3893791,Costa Rica Women's,401802,Daniela Solera Vega,0.024198743651111937
3893791,Costa Rica Women's,401808,Fabiola Villalobos Morales,0.06607994019267384
3893791,Costa Rica Women's,34486,Gloriana Jesus Villalobos Vega,0.12089352769231414
3893791,Costa Rica Women's,34480,Katherine Maria Alvarado Aguilar,0.09803644854188624
3893791,Costa Rica Women's,34477,Mariana De Los Angeles Benavidez,0.04395380007655889
3893791,Costa Rica Women's,401803,María Paula Coto González,0.07609291107740453
3893791,Costa Rica Women's,294448,María Paula Elizondo,0.04067180916191073
3893791,Costa Rica Women's,34478,María Paula Salas,0.15143671981401027
3893791,Costa Rica Women's,30958,Melissa Herrera Monge,0.09403228015374568
3893791,Costa Rica Women's,34483,Priscila Chinchilla,0.1274498314575619
3893791,Costa Rica Women's,401801,Sheika Daleicha Scott Richardson,0.04467305313020048
3893791,Costa Rica Women's,361135,Valeria del Campo Gutiérrez,0.04588976036600153
3893792,Vietnam Women's,401878,Bích Thùy Nguyễn Thị,0.05163233834768122
3893792,Vietnam Women's,401890,Hải Yến Phạm,0.06553469706895829
3893792,Vietnam Women's,401880,Kim Thanh Trần Thị,0.020240396239601686
3893792,Vietnam Women's,401883,Loan Hoàng Thị,0.11291723655914032
3893792,Vietnam Women's,401889,Như Huỳnh,0.08368361437952546
3893792,Vietnam Women's,401875,Thu Thương Lương Thị,0.041508716692233334
3893792,Vietnam Women's,401877,Thu Thảo Trần Thị,0.0832950104597967
3893792,Vietnam Women's,401874,Thu Trần Thị,0.07938061136571786
3893792,Vietnam Women's,401872,Thị Diễm My Lê,0.05374696730894776
3893792,Vietnam Women's,401876,Thị Hải Linh Trần,0.06739516832118925
3893792,Vietnam Women's,401881,Thị Kiều Chương,0.028801908292760765
3893792,Vietnam Women's,401873,Thị Mỹ Anh Nguyễn,0.025276144072963518
3893792,Vietnam Women's,401879,Thị Thảo Thái,0.17852768716055537
3893792,Vietnam Women's,401884,Thị Vân Dương,0.02407641724177445
3893792,Vietnam Women's,401886,Tuyết Dung Nguyễn Thị,0.03886833135046554
3893792,Vietnam Women's,401888,Vạn Sự Ngân Thị,0.04511475513868859
3893792,United States Women's,5085,Alexandra Morgan Carrasco,0.046463350163309325
3893792,United States Women's,5100,Alyssa Michele Naeher,0.0176064525338209
3893792,United States Women's,389495,Alyssa Paola Thompson,0.02963551703085807
3893792,United States Women's,4940,Andi Sullivan,0.04508305793994023
3893792,United States Women's,5088,Crystal Alyssia Dunn Soubrier,0.062174289331066446
3893792,United States Women's,107491,Emily Ann Fox,0.0679274783959751
3893792,United States Women's,6811,Julie Beth Ertz,0.1184178107972956
3893792,United States Women's,5021,Kelley Maureen O'Hara,0.027611662012003983
3893792,United States Women's,4999,Lindsey Michelle Horan,0.1379910115529938
3893792,United States Women's,8298,Megan Anna Rapinoe,0.05530876253712703
3893792,United States Women's,219423,Naomi Haile Girma,0.11966578035208295
3893792,United States Women's,4949,Rosemary Kathleen Lavelle,0.05426356230400904
3893792,United States Women's,218506,Savannah Marie DeMelo,0.0435621627756313
3893792,United States Women's,5105,Sofia Huerta,0.027363192547404696
3893792,United States Women's,49172,Sophia Olivia Smith,0.08544046058285176
3893792,United States Women's,107917,Trinity Rain Moyer-Rodman,0.061485449143629696
3893793,Japan Women's,401925,Aoba Fujino,0.06019371349561237
3893793,Japan Women's,25627,Ayaka Yamashita,0.032072660581823204
3893793,Japan Women's,299860,Fuka Nagano,0.11533570506773796
3893793,Japan Women's,401929,Hikaru Naomoto,0.026426115869691846
3893793,Japan Women's,401932,Hinata Miyazawa,0.07989544442497987
3893793,Japan Women's,25608,Jun Endo,0.0940988838479837
3893793,Japan Women's,85500,Mina Tanaka,0.07156240961327229
3893793,Japan Women's,25638,Moeka Minami,0.09369668581512339
3893793,Japan Women's,401933,Remina Chiba,0.021267067150361432
3893793,Japan Women's,401930,Riko Ueki,0.030533890695235665
3893793,Japan Women's,401924,Rion Ishikawa,0.08061157087673151
3893793,Japan Women's,25624,Risa Shimizu,0.07235958259270843
3893793,Japan Women's,15257,Saki Kumagai,0.07364426929023282
3893793,Japan Women's,401928,Takako Seike,0.03321450461945921
3893793,Japan Women's,25632,Yui Hasegawa,0.11508749605904617
3893793,Zambia Women's,131623,Agness Musase,0.08577420826825777
3893793,Zambia Women's,131625,Avell Chitundu,0.04301926120734978
3893793,Zambia Women's,131619,Barbra Banda,0.08285297217691379
3893793,Zambia Women's,131629,Catherine Musonda,0.02156547549455596
3893793,Zambia Women's,131631,Evarine Susan Katongo,0.1415230784898474
3893793,Zambia Women's,131618,Ireen Lungu,0.04437085144551779
3893793,Zambia Women's,131624,Lushomo Mweemba,0.05992644841653655
3893793,Zambia Women's,131616,Margaret Belemu,0.12120675754539655
3893793,Zambia Women's,131694,Martha Tembo,0.10951272518367883
3893793,Zambia Women's,131617,Ochumba Oseke Lubandji,0.023270893204148248
3893793,Zambia Women's,32854,Racheal Kundananji,0.0892126665532325
3893793,Zambia Women's,401941,Siomala Mapepa,0.04839424531140178
3893793,Zambia Women's,401939,Susan Banda,0.10152437760034586
3893793,Zambia Women's,132147,Vast Phiri,0.027846039102817376
3893794,England Women's,47521,Alessia Russo,0.053621008231527705
3893794,England Women's,10252,Alex Greenwood,0.13761803763942432
3893794,England Women's,15570,Chloe Kelly,0.07106777224474857
3893794,England Women's,31534,Ella Toone,0.06223514848500079
3893794,England Women's,4643,Georgia Stanway,0.09826091690363456
3893794,England Women's,19422,Jessica Carter,0.11330444151015814
3893794,England Women's,4658,Keira Walsh,0.09341948017434092
3893794,England Women's,15555,Lauren Hemp,0.05313325817692694
3893794,England Women's,31531,Lauren James,0.05196408911487707
3893794,England Women's,10178,Lucy Bronze,0.110340067379802
3893794,England Women's,31538,Mary Alexandra Earps,0.021743859597023574
3893794,England Women's,4642,Millie Bright,0.10975478791033808
3893794,England Women's,5058,Rachel Daly,0.023537132632197443
3893794,Haiti Women's,46830,Batcheba Louis,0.09307007908085496
3893794,Haiti Women's,402002,Betina Petit-Frère,0.11466665389978865
3893794,Haiti Women's,402006,Dayana Pierre-Louis,0.07023890303594787
3893794,Haiti Women's,402001,Dougenie Tabita Kerbie Joseph,0.04019765739714329
3893794,Haiti Women's,402014,Florsie Love Darlina Joseph,0.010714285714285716
3893794,Haiti Women's,402010,Jennyfer Limage,0.046372451821402386
3893794,Haiti Women's,402008,Kerly Théus,0.03107403431249829
3893794,Haiti Women's,46847,Kethna Louis,0.04724284120101759
3893794,Haiti Women's,142735,Melchie Daëlle Dumornay,0.18618815553878842
3893794,Haiti Women's,30970,Nérilia Mondesir,0.09629645222843145
3893794,Haiti Women's,402013,Roseline Éloissaint,0.024951577345465083
3893794,Haiti Women's,53993,Roselord Borgella,0.12922348954681145
3893794,Haiti Women's,402003,Ruthny Mathurin,0.035827186381759864
3893794,Haiti Women's,402012,Sherly Jeudy,0.07393623249580487
3893795,Denmark Women's,224831,Amalie Jørgensen Vangsgaard,0.03002096057540024
3893795,Denmark Women's,87195,Janni Thomsen,0.03923481624506796
3893795,Denmark Women's,32699,Josefine Hasbo,0.056149557533433224
3893795,Denmark Women's,32230,Karen Holmgaard,0.07947383142176623
3893795,Denmark Women's,276443,Kathrine Møller Kühl,0.06636124742831104
3893795,Denmark Women's,10088,Katrine Veje,0.12727542963791427
3893795,Denmark Women's,276442,Lene Christensen,0.03367683768672569
3893795,Denmark Women's,10274,Nicoline Sørensen,0.06609273823242857
3893795,Denmark Women's,10108,Pernille Mosegaard Harder,0.1071879759988895
3893795,Denmark Women's,15789,Rikke Læntver Sevecke,0.08349217508802495
3893795,Denmark Women's,87191,Rikke Marie Madsen,0.0363748540716418
3893795,Denmark Women's,24460,Signe Kallesøe Bruun,0.052942745606788355
3893795,Denmark Women's,10111,Simone Boye-Sørensen,0.11159302983908381
3893795,Denmark Women's,87185,Stine Ballisager Pedersen,0.11012380063452444
3893795,China PR Women's,402021,Chen Gao,0.019371740112249083
3893795,China PR Women's,402019,Chengshu Wu,0.08591959285985118
3893795,China PR Women's,402016,Huan Xu,0.01437632405455384
3893795,China PR Women's,25482,Jiahui Lou,0.08643886771167714
3893795,China PR Women's,131579,Lina Yang,0.0757798118429103
3893795,China PR Women's,402025,Linyan Zhang,0.10874419452292641
3893795,China PR Women's,131575,Mengwen Li,0.07686051221680937
3893795,China PR Women's,402018,Mengyu Shen,0.04442082566118614
3893795,China PR Women's,131583,Qiaozhu Chen,0.08903852880653562
3893795,China PR Women's,25490,Rui Zhang,0.11618379633615841
3893795,China PR Women's,25485,Shanshan Wang,0.07476176123117192
3893795,China PR Women's,24461,Shuang Wang,0.06948751641016923
3893795,China PR Women's,131580,Xin Zhang,0.06018060191218072
3893795,China PR Women's,25484,Yao Wei,0.06349244738505153
3893795,China PR Women's,25488,Yasha Gu,0.014943478936568985
3893796,Sweden Women's,26092,Amanda Ilestedt,0.1037676654382734
3893796,Sweden Women's,10221,Elin Ingrid Johanna Rubensson,0.05163623832491449
3893796,Sweden Women's,10229,Emma Stina Blackstenius,0.030137925068667713
3893796,Sweden Women's,10215,Fridolina Rolfö,0.05479420460471677
3893796,Sweden Women's,26093,Gun Nathalie Björn,0.12373444071262363
3893796,Sweden Women's,34499,Hanna Ulrika Bennison,0.03212493023222894
3893796,Sweden Women's,62666,Ingrid Filippa Angeldal,0.09386153256540142
3893796,Sweden Women's,62710,Johanna Rytting-Kaneryd,0.09835910284074023
3893796,Sweden Women's,10222,Jonna Ann-Charlotte Andersson,0.09805973294277592
3893796,Sweden Women's,10220,Kosovare Asllani,0.09129008927352836
3893796,Sweden Women's,25697,Lina Mona Andréa Hurtig,0.013108090457728363
3893796,Sweden Women's,4633,Magdalena Lilly Eriksson,0.08412703037783359
3893796,Sweden Women's,10205,Olivia Alma Charlotta Schough,0.0385580033798036
3893796,Sweden Women's,32405,Rebecka Blomqvist,0.03225193913481968
3893796,Sweden Women's,10224,Sara Caroline Seger,0.03310853853317261
3893796,Sweden Women's,62713,Zecira Musovic,0.021080536112771255
3893796,South Africa Women's,25747,Bambanani Nolufefe Mbane,0.05603538647699683
3893796,South Africa Women's,402119,Bongeka Gamede,0.048296465198689485
3893796,South Africa Women's,402123,Gabriela de Jesus Thomas Salgado,0.04512109078855323
3893796,South Africa Women's,402126,Hildah Tholakele Magaia,0.05929093816957063
3893796,South Africa Women's,25511,Jermaine Seoposenwe,0.09452504368054922
3893796,South Africa Women's,25746,Kaylin Swart,0.040778454338637415
3893796,South Africa Women's,25521,Kholosa Biyana,0.11058986554934039
3893796,South Africa Women's,25520,Lebogang Ramalepe,0.11378931502259462
3893796,South Africa Women's,5053,Linda Maserame Motlhalo,0.1018173319803844
3893796,South Africa Women's,402124,Mapula Nomvula Kgoale,0.05546698635774014
3893796,South Africa Women's,25516,Refiloe Jane,0.12499122966955678
3893796,South Africa Women's,25745,Sibulele Cecilia Holweni,0.059974306927052266
3893796,South Africa Women's,5052,Thembi Kgatlana,0.08932358584033433
3893797,Netherlands Women's,47541,Damaris Berta Egurrola Wienke,0.025581781305308273
3893797,Netherlands Women's,10658,Danielle van de Donk,0.13049467456857644
3893797,Netherlands Women's,32339,Daphne van Domselaar,0.02884070377221877
3893797,Netherlands Women's,10666,Dominique Johanna Anna Petrone Janssen,0.06551271519071153
3893797,Netherlands Women's,62962,Esmee Brugts,0.12003424367689554
3893797,Netherlands Women's,10654,Jackie Groenen,0.05000624328183244
3893797,Netherlands Women's,10650,Jill Roord,0.12562229517298626
3893797,Netherlands Women's,46459,Katja Snoeijs,0.01597239810962943
3893797,Netherlands Women's,221888,Kerstin Yasmijn Casparij,0.013580802273055028
3893797,Netherlands Women's,10649,Lieke Martens,0.11663528776140646
3893797,Netherlands Women's,10656,Lineth Beerensteyn,0.0683130988494555
3893797,Netherlands Women's,10645,Sherida Spitse,0.0891068102418537
3893797,Netherlands Women's,10647,Stephanie van der Gragt,0.06953615601389572
3893797,Netherlands Women's,63788,Victoria Pelova,0.08076278978217502
3893797,Portugal Women's,10141,Ana Borges,0.10597053846287183
3893797,Portugal Women's,34875,Andreia Alexandra Norton,0.11668400175003948
3893797,Portugal Women's,327442,Andreia de Jesus Jacinto,0.010000000000000002
3893797,Portugal Women's,10162,Carole da Silva Costa,0.029092653216651686
3893797,Portugal Women's,62905,Catarina Amado,0.09792812873059364
3893797,Portugal Women's,32143,Diana Catarina Ribeiro Gomes,0.0560496331664316
3893797,Portugal Women's,10159,Diana Micaela Abreu de Sousa e Silva,0.1196988178509184
3893797,Portugal Women's,10140,Dolores Isabel Jacome Silva,0.052959362681835286
3893797,Portugal Women's,62913,Francisca Ramos Ribeiro Nazareth Sousa,0.05095913995361646
3893797,Portugal Women's,34873,Fátima Alexandra Figueira Pinto,0.06318777836622186
3893797,Portugal Women's,34872,Inês Teixeira Pereira,0.0167954378108809
3893797,Portugal Women's,32054,Jéssica da Silva,0.1351635019439357
3893797,Portugal Women's,142944,Lúcia Catarina Sousa Alves,0.02256070385356377
3893797,Portugal Women's,10167,Tatiana Vanessa Ferreira Pinto,0.09129886417734795
3893797,Portugal Women's,276577,Telma Raquel Velosa Encarnação,0.03165143803509149
3893798,France Women's,15249,Amel Majri,0.04799450298504494
3893798,France Women's,31636,Clara Mateo,0.06664959324827575
3893798,France Women's,31783,Estelle Cascarino,0.08955816494263918
3893798,France Women's,10121,Eugénie Le Sommer,0.1153308103724327
3893798,France Women's,10137,Kadidiatou Diani,0.07559784291854896
3893798,France Women's,15421,Kenza Dali,0.04583784023557149
3893798,France Women's,31784,Maëlle Lakrar,0.11326150946095527
3893798,France Women's,10272,Onema Grace Geyoro,0.079351364817906
3893798,France Women's,15615,Pauline Peyraud Magnin,0.027605367682180533
3893798,France Women's,10117,Sakina Karchaoui,0.12605497998682444
3893798,France Women's,30971,Sandie Toletti,0.08232194528949338
3893798,France Women's,49233,Vicki Becho,0.03916151253934071
3893798,France Women's,10125,Wendie Renard,0.09127456552078662
3893798,Jamaica Women's,25545,Allyson Swaby,0.023647398072840716
3893798,Jamaica Women's,327719,Atlanta Reigan Primus,0.04740158949252022
3893798,Jamaica Women's,25558,Chantelle Swaby,0.0676189164238526
3893798,Jamaica Women's,25546,Cheyna Lee Matthews,0.11722222154193657
3893798,Jamaica Women's,25557,Deneisha Selena Blackwood,0.08594845876372077
3893798,Jamaica Women's,4638,Drew Spence,0.0720756589944503
3893798,Jamaica Women's,4945,Havana Solaun,0.02812356865585012
3893798,Jamaica Women's,25538,Jody Brown,0.10455108477404919
3893798,Jamaica Women's,25554,Khadija Monifa Shaw,0.1626417782401057
3893798,Jamaica Women's,18158,Rebecca Leigh Spencer,0.0841674776909056
3893798,Jamaica Women's,402179,Solai Washington,0.05856106000281401
3893798,Jamaica Women's,402176,Tiernny Arlene Wiltshire,0.07520363076249555
3893798,Jamaica Women's,21014,Vyan Sampson,0.07283715658445868
3893799,Germany Women's,15178,Alexandra Popp,0.05777662001655072
3893799,Germany Women's,46999,Chantal Hagel,0.025913048714961837
3893799,Germany Women's,32355,Felicitas Rauch,0.11440934983361359
3893799,Germany Women's,46987,Jule Brand,0.06647364926494514
3893799,Germany Women's,10399,Kathrin Julia Hendrich,0.12677307304931035
3893799,Germany Women's,25729,Klara Bühl,0.05168551863305428
3893799,Germany Women's,47022,Laura Freigang,0.025100651332284694
3893799,Germany Women's,25476,Lea Schüller,0.027380210700404396
3893799,Germany Women's,46986,Lena Lattwein,0.03657990868180701
3893799,Germany Women's,10259,Lina Magull,0.061276315909794814
3893799,Germany Women's,15648,Melanie Leupolz,0.06516674718615112
3893799,Germany Women's,15443,Merle Frohms,0.020690028831494848
3893799,Germany Women's,46549,Nicole Anyomi,0.032905997035689694
3893799,Germany Women's,10261,Sara Doorsoun-Khajeh,0.1379985069681329
3893799,Germany Women's,10263,Sara Däbritz,0.08879436580709313
3893799,Germany Women's,10374,Svenja Huth,0.061076008034711124
3893799,Morocco Women's,31629,Anissa Lahmari,0.0825873203704737
3893799,Morocco Women's,31641,Elodie Nakkach,0.04062710232995832
3893799,Morocco Women's,402666,Fatima Zahra Tagnaout,0.11562738670932526
3893799,Morocco Women's,402663,Ghizlane Chebbak,0.13257271664782425
3893799,Morocco Women's,402658,Hanane Aït El Haj,0.04584964739618316
3893799,Morocco Women's,402656,Khadija Er-Rmichi,0.023808754280786742
3893799,Morocco Women's,402662,Najat Badri,0.04169540953697803
3893799,Morocco Women's,135153,Nesryne El Chad,0.022592144087882803
3893799,Morocco Women's,21048,Rosella Ayane,0.11127795306229579
3893799,Morocco Women's,402655,Sakina Ouzraoui Diki,0.11209650444007074
3893799,Morocco Women's,46564,Salma Amani,0.021691366296586547
3893799,Morocco Women's,135877,Sarah Kassi,0.12437670847199192
3893799,Morocco Women's,402667,Sofia Bouftini,0.01733475712321371
3893799,Morocco Women's,89009,Yasmin Katie Mrabet,0.031799871284479364
3893799,Morocco Women's,402665,Zineb Redouani,0.07606235796194982
3893800,Argentina Women's,25634,Aldana Cometti,0.035682415024046905
3893800,Argentina Women's,402461,Daiana Micaela Falfán,0.0611371968428478
3893800,Argentina Women's,26051,Dalila Belén Ippolito,0.017844278853293424
3893800,Argentina Women's,25633,Eliana Noemí Stábile,0.11350116360030234
3893800,Argentina Women's,4944,Estefanía Romina Banini Ruiz,0.17393128777381442
3893800,Argentina Women's,25615,Flavia Lorena Benítez,0.14264666399863676
3893800,Argentina Women's,25602,Mariana Valeria Larroquette,0.06400066992155651
3893800,Argentina Women's,25640,María Florencia Bonsegundo,0.11184968646907541
3893800,Argentina Women's,25617,Miriam Anahí Mayorga,0.018250949131968456
3893800,Argentina Women's,402467,Romina Stefania Núñez,0.09449013244783284
3893800,Argentina Women's,370851,Sophie Wais Braun,0.11348437157094497
3893800,Argentina Women's,25611,Vanina Noemí Correa,0.01691692402775602
3893800,Argentina Women's,387290,Yamila Tamara Rodríguez,0.03626426033792405
3893800,Italy Women's,32162,Arianna Caruso,0.05632482266075867
3893800,Italy Women's,10211,Barbara Bonansea,0.10760650407907958
3893800,Italy Women's,10370,Cecilia Salvai,0.08013766946352138
3893800,Italy Women's,135571,Chiara Beccari,0.1029049498361731
3893800,Italy Women's,10203,Cristiana Girelli,0.020951277284538668
3893800,Italy Women's,10208,Elena Linari,0.08917438928694525
3893800,Italy Women's,32152,Francesca Durante,0.04202925402990395
3893800,Italy Women's,45884,Giada Greggi,0.029824005074726108
3893800,Italy Women's,349028,Giulia Dragoni,0.052728683906370186
3893800,Italy Women's,25770,Lisa Boattin,0.11318153743423852
3893800,Italy Women's,46224,Lucia Di Guglielmo,0.08233540205069509
3893800,Italy Women's,10228,Manuela Giugliano,0.10020526025652762
3893800,Italy Women's,45638,Sofia Cantore,0.048259779620980034
3893800,Italy Women's,25541,Valentina Giacinti,0.074336465015542
3893801,Panama Women's,359388,Aldrith Ivana Quintero Humphries,0.06826619335839461
3893801,Panama Women's,402784,Carina Alicia Baltrip-Reyes,0.13797505360666065
3893801,Panama Women's,402790,Carmen Milagros Montenegro Martínez,0.025549266385856105
3893801,Panama Women's,402798,Deysiré Mayte Salazar Biscaino,0.03618145520700597
3893801,Panama Women's,402788,Emily Masiel Cedeño Coba,0.05822758791203249
3893801,Panama Women's,402794,Hilary Stacy Jaén Rodríguez,0.040412237643199525
3893801,Panama Women's,402789,Karla Paola Riley Serracín,0.05752521016827375
3893801,Panama Women's,402793,Katherine Lineth Castillo Macías,0.08716694340252373
3893801,Panama Women's,135588,Lineth Cedeno,0.04054073838855631
3893801,Panama Women's,361339,Marta Alexandra Cox Villarreal,0.07513993695129742
3893801,Panama Women's,402797,Natalia Didelka Mills Urrunaga,0.046505568441507515
3893801,Panama Women's,395287,Riley Tanner Rintala,0.03418525308440869
3893801,Panama Women's,402785,Rosario del Carmen Vargas Sarasqueta,0.04746556326296194
3893801,Panama Women's,402796,Schiandra Yael González Jurado,0.115648649653683
3893801,Panama Women's,402792,Wendy Yisbel Natis Bárcenas,0.023361668179456493
3893801,Panama Women's,402781,Yenith Elizabett Bailey de la Cruz,0.0468149245380834
3893801,Panama Women's,402786,Yomira Tibisay Pinzón Ríos,0.05903374981609829
3893801,Brazil Women's,389489,Adriana Leal da Silva,0.08252643481846816
3893801,Brazil Women's,50003,Antonia Ronnycleide da Costa Silva,0.0719413812614593
3893801,Brazil Women's,389488,Ariadina Alves Borges,0.0859451285563233
3893801,Brazil Women's,25561,Beatriz Zaneratto João,0.0606681985878506
3893801,Brazil Women's,328259,Bruna Santos Nhaia,0.037261013099938484
3893801,Brazil Women's,5044,Débora Cristiane de Oliveira,0.03863531345652467
3893801,Brazil Women's,135779,Gabriela Nunes da Silva,0.03154428639458047
3893801,Brazil Women's,25543,Geyse da Silva Ferreira,0.0368811023577546
3893801,Brazil Women's,105708,Kerolin Nicoli Israel Ferraz,0.11119027518635563
3893801,Brazil Women's,182466,Lauren Eduarda Leal Costa,0.09514392368072588
3893801,Brazil Women's,131581,Letícia Izidoro Lima da Silva,0.014488391390728272
3893801,Brazil Women's,25743,Luana Bertolucci Paixão,0.06275228589171483
3893801,Brazil Women's,387449,Maria Eduarda Ferreira Sampaio,0.034104416618174316
3893801,Brazil Women's,5082,Marta Vieira da Silva Veiga,0.02880349164381569
3893801,Brazil Women's,131570,Rafaelle Leone Carvalho Souza,0.10546505678040283
3893801,Brazil Women's,25559,Tamires Cássia Dias de Britto,0.1026493002751829
3893802,Colombia Women's,403283,Carolina Arias Vidal,0.09096278123719054
3893802,Colombia Women's,46344,Catalina Pérez Jaramillo,0.02781306956698966
3893802,Colombia Women's,403277,Daniela Alexandra Árias Rojas,0.03209880452475473
3893802,Colombia Women's,403282,Daniela Montoya Quiróz,0.057765025721117316
3893802,Colombia Women's,403280,Diana Carolina Ospina García Pineda,0.01912661433151125
3893802,Colombia Women's,388473,Jorelyn Andrea Daniela Carabalí Martínez,0.04159326163734501
3893802,Colombia Women's,32215,Leicy Maria Santos Herrera,0.11468585747443698
3893802,Colombia Women's,386339,Linda Lizeth Caicedo Alegría,0.14895465843690886
3893802,Colombia Women's,49904,Lorena Bedoya Durango,0.09066921418391587
3893802,Colombia Women's,49945,Manuela Vanegas Cataño,0.08362990674419483
3893802,Colombia Women's,403281,Marcela Restrepo Valencia,0.03308866401587661
3893802,Colombia Women's,403278,María Catalina Usme Pineda,0.13386073319848285
3893802,Colombia Women's,53188,Mayra Tatiana Ramírez Ramírez,0.12575140892727574
3893802,Korea Republic Women's,403291,Casey Yu-Jin Phair,0.06911725048186534
3893802,Korea Republic Women's,25445,Chae-Rim Kang,0.02459903201876802
3893802,Korea Republic Women's,403289,Eun-Sun Park,0.03914687199424331
3893802,Korea Republic Women's,25453,Geum-Min Lee,0.14399123783185117
3893802,Korea Republic Women's,34509,Hwa-Yeon Son,0.05951394856431042
3893802,Korea Republic Women's,25451,Hye-Ri Kim,0.051018391994176564
3893802,Korea Republic Women's,403286,Hyo-Joo Choo,0.04549485502370188
3893802,Korea Republic Women's,25717,Mi-Ra Moon,0.013916648676272292
3893802,Korea Republic Women's,25447,Sel-Gi Jang,0.10353704212156989
3893802,Korea Republic Women's,403287,Seo-Yeon Shim,0.05599731184904162
3893802,Korea Republic Women's,34510,Seon-Joo Lim,0.04629897145908817
3893802,Korea Republic Women's,22798,So-Hyun Cho,0.07117077646024728
3893802,Korea Republic Women's,4647,So-Yun Ji,0.15772885191711886
3893802,Korea Republic Women's,389771,Young-Geul Yoon,0.016485579970979256
3893802,Korea Republic Women's,403290,Yu-Ri Choe,0.10198322963676598
3893803,Philippines Women's,401741,Alicia Balicoco Barker,0.09536116243557166
3893803,Philippines Women's,401731,Angela Beard,0.025454400630760148
3893803,Philippines Women's,401740,Carleigh Bennett Frilles,0.017210231350178434
3893803,Philippines Women's,401739,Dominique Jaylin Abrena Randle,0.01309221849576572
3893803,Philippines Women's,401737,Hali Moriah Candido Long,0.03629796393873154
3893803,Philippines Women's,401742,Isabella Victoria Sola Flanigan,0.033202874711817536
3893803,Philippines Women's,401732,Jaclyn Katrina Demis Sawicki,0.10896779443286739
3893803,Philippines Women's,389446,Jessika Rebecca Macayan Cowart,0.05495237844270465
3893803,Philippines Women's,225115,Katrina Jacqueline Rivera Guillou,0.10806118677357995
3893803,Philippines Women's,401746,Kristen Ryley Sy Bugay,0.014942974521360682
3893803,Philippines Women's,401735,Olivia Alexandra Davies Isip McDaniel,0.020554076395369186
3893803,Philippines Women's,401745,Quinley Mirielle Campomanes Quezada-Keča,0.10900163652629163
3893803,Philippines Women's,401748,Sara Kristine Bantan Eggesvik,0.09372748851088908
3893803,Philippines Women's,401733,Sarina Isabel Calpo Bolden,0.12518914800147715
3893803,Philippines Women's,324160,Sofia Nicole Dador Harrison,0.10183421862736142
3893803,Philippines Women's,401744,Tahnai Lauren Rivera Annis,0.04215024620527393
3893803,New Zealand Women's,21062,Alexandra Riley,0.13551651132810558
3893803,New Zealand Women's,25660,Annalie Longo,0.06579215585179227
3893803,New Zealand Women's,25662,Catherine Joan Bott,0.11965705411118024
3893803,New Zealand Women's,25663,Elizabeth Doon Hassett,0.05203529568762309
3893803,New Zealand Women's,401640,Grace Joanna Ella Jale,0.016268589049545666
3893803,New Zealand Women's,25658,Hannah Wilkinson,0.07077094379446142
3893803,New Zealand Women's,66217,Indiah-Paige Janita Riley,0.05049416599168463
3893803,New Zealand Women's,392266,Jacqueline Anne Hand,0.08685112440815311
3893803,New Zealand Women's,5028,Katie Bowen,0.10413991733081918
3893803,New Zealand Women's,401642,Malia Grace Steinmetz,0.06845993206025211
3893803,New Zealand Women's,24925,Olivia Chance,0.05484413051406327
3893803,New Zealand Women's,4989,Rebekah Ashley Stott,0.07719713559502221
3893803,New Zealand Women's,18145,Ria Percival,0.06757777108312894
3893803,New Zealand Women's,214481,Victoria Esson,0.030395273194168286
3893804,Switzerland Women's,10408,Ana-Maria Crnogorčević,0.07717243801745563
3893804,Switzerland Women's,31630,Coumba Sow,0.10236677799140632
3893804,Switzerland Women's,10407,Eseosa Aigbogun,0.08126612819217008
3893804,Switzerland Women's,10400,Gaëlle Thalmann,0.0314211127455883
3893804,Switzerland Women's,10419,Géraldine Reuteler,0.09056413144938523
3893804,Switzerland Women's,32101,Julia Stierli,0.08982820977110424
3893804,Switzerland Women's,10405,Lia Wälti,0.10746284945709274
3893804,Switzerland Women's,10420,Meriame Terchoun,0.026025102452495553
3893804,Switzerland Women's,276579,Nadine Riesen,0.0714300724813018
3893804,Switzerland Women's,10404,Noelle Maritz,0.11064587761941064
3893804,Switzerland Women's,4659,Ramona Bachmann,0.12775601252720906
3893804,Switzerland Women's,43045,Sandrine Mauron,0.02246788405309468
3893804,Switzerland Women's,32105,Seraina Piubel,0.06159340324228569
3893804,Norway Women's,26570,Amalie Vevle Eikeland,0.046492118449759715
3893804,Norway Women's,10390,Anja Sønstevold,0.019661099541110515
3893804,Norway Women's,36800,Aurora Watten Mikalsen,0.019189842162786342
3893804,Norway Women's,10386,Caroline Graham Hansen,0.03607219046496089
3893804,Norway Women's,10392,Emilie Haavi,0.08047159082014205
3893804,Norway Women's,10516,Frida Maanum,0.08548680344151274
3893804,Norway Women's,10514,Guro Reiten,0.09795672029614039
3893804,Norway Women's,24374,Ingrid Syrstad Engen,0.014134871707966165
3893804,Norway Women's,10395,Maren Nævdal Mjelde,0.14476854285874283
3893804,Norway Women's,401647,Marit Bratberg Lund,0.012424771197213257
3893804,Norway Women's,401645,Mathilde Hauge Harviken,0.12794712935055
3893804,Norway Women's,24706,Sophie Roman Haug,0.06148640573755627
3893804,Norway Women's,276303,Thea Bjelde,0.06892885893608774
3893804,Norway Women's,276288,Tuva Hansen,0.05449434665848258
3893804,Norway Women's,25466,Vilde Bøe Risa,0.13048470837698858
3893805,Japan Women's,401925,Aoba Fujino,0.03403575413255301
3893805,Japan Women's,25627,Ayaka Yamashita,0.01753565785763319
3893805,Japan Women's,299860,Fuka Nagano,0.03912768926154236
3893805,Japan Women's,401929,Hikaru Naomoto,0.06313409319673258
3893805,Japan Women's,25635,Hina Sugita,0.0876297438212568
3893805,Japan Women's,401932,Hinata Miyazawa,0.04410473724165071
3893805,Japan Women's,131653,Honoka Hayashi,0.07306623168949286
3893805,Japan Women's,85500,Mina Tanaka,0.06728721262554636
3893805,Japan Women's,401931,Miyabi Moriya,0.01757803240693004
3893805,Japan Women's,25638,Moeka Minami,0.09684950924229851
3893805,Japan Women's,401930,Riko Ueki,0.049067247267566096
3893805,Japan Women's,25624,Risa Shimizu,0.08832027607138737
3893805,Japan Women's,15257,Saki Kumagai,0.07358856906558034
3893805,Japan Women's,131814,Shiori Miyake,0.1107044091280868
3893805,Japan Women's,401928,Takako Seike,0.03143061632619979
3893805,Japan Women's,25632,Yui Hasegawa,0.10654022066554317
3893805,Costa Rica Women's,401804,Cristín Yorleny Granados Gómez,0.07133650307975893
3893805,Costa Rica Women's,401802,Daniela Solera Vega,0.04047263363716169
3893805,Costa Rica Women's,401808,Fabiola Villalobos Morales,0.1355794287110413
3893805,Costa Rica Women's,34485,Gabriela Guillén Alvarez,0.03237134969428925
3893805,Costa Rica Women's,34486,Gloriana Jesus Villalobos Vega,0.05057837215263706
3893805,Costa Rica Women's,34480,Katherine Maria Alvarado Aguilar,0.09091120732873081
3893805,Costa Rica Women's,34477,Mariana De Los Angeles Benavidez,0.16360807651054127
3893805,Costa Rica Women's,401803,María Paula Coto González,0.07954133133270716
3893805,Costa Rica Women's,294448,María Paula Elizondo,0.09806035954173299
3893805,Costa Rica Women's,34478,María Paula Salas,0.06036760473879872
3893805,Costa Rica Women's,30958,Melissa Herrera Monge,0.04838053311647857
3893805,Costa Rica Women's,34483,Priscila Chinchilla,0.063544961281082
3893805,Costa Rica Women's,4967,Raquel Rodriguez,0.03854491360890421
3893805,Costa Rica Women's,401801,Sheika Daleicha Scott Richardson,0.02670272526613582
3893806,Spain Women's,15284,Aitana Bonmati Conca,0.06125780926112048
3893806,Spain Women's,50151,Alba María Redondo Ferrer,0.033570627777675645
3893806,Spain Women's,10143,Alexia Putellas Segura,0.06316254501782609
3893806,Spain Women's,49913,Athenea del Castillo Belvide,0.012479501691451012
3893806,Spain Women's,50152,Eva Maria Navarro,0.04890937270659455
3893806,Spain Women's,50150,Irene Guerrero Sanmartín,0.054384853031373935
3893806,Spain Women's,10165,Irene Paredes Hernandez,0.07087728527952333
3893806,Spain Women's,49831,Ivana Andrés Sanz,0.06849727866496619
3893806,Spain Women's,10151,Jennifer Hermoso Fuentes,0.09411563988262658
3893806,Spain Women's,10161,María Francesca Caldentey Oliver,0.11657157989368377
3893806,Spain Women's,49830,María Isabel Rodríguez Rivero,0.01954871443165905
3893806,Spain Women's,49889,Oihane Hernández Zurbano,0.05463995953531328
3893806,Spain Women's,49836,Olga  Carmona García,0.08159998099065946
3893806,Spain Women's,46639,Ona Batlle Pascual,0.0442587127407773
3893806,Spain Women's,222682,Salma Paralluelo Ayingono,0.044675711362022134
3893806,Spain Women's,49835,Teresa Abelleira Dueñas,0.1314504277327271
3893806,Zambia Women's,131623,Agness Musase,0.02391918262375283
3893806,Zambia Women's,131625,Avell Chitundu,0.06242130315517521
3893806,Zambia Women's,131619,Barbra Banda,0.16741028165083335
3893806,Zambia Women's,401938,Eunice Sakala,0.021442489714621503
3893806,Zambia Women's,131631,Evarine Susan Katongo,0.1183622115373952
3893806,Zambia Women's,131618,Ireen Lungu,0.09983119026356979
3893806,Zambia Women's,131624,Lushomo Mweemba,0.04033391278737619
3893806,Zambia Women's,131616,Margaret Belemu,0.10148097743257437
3893806,Zambia Women's,131694,Martha Tembo,0.07140292687133747
3893806,Zambia Women's,131614,Mary Wilombe,0.04050581778832553
3893806,Zambia Women's,131617,Ochumba Oseke Lubandji,0.06280600201683728
3893806,Zambia Women's,32854,Racheal Kundananji,0.11529206256966223
3893806,Zambia Women's,401941,Siomala Mapepa,0.04420211427763322
3893806,Zambia Women's,401939,Susan Banda,0.016279375134246588
3893806,Zambia Women's,132147,Vast Phiri,0.014310152176659457
3893807,Canada Women's,8297,Adriana Kristina Leon,0.03691457836372631
3893807,Canada Women's,5038,Allysha Lyn Chapman,0.011803792985920325
3893807,Canada Women's,15290,Ashley Elizabeth Marie Lawrence,0.07814398399719666
3893807,Canada Women's,5020,Christine Margaret Sinclair,0.062419713599799455
3893807,Canada Women's,62906,Cloé Zoé Eyja Lacasse,0.040110470164919115
3893807,Canada Women's,41950,Evelyne Viens,0.021153678212282902
3893807,Canada Women's,25785,Jayde Yuk Fun Riviere,0.10407456065502949
3893807,Canada Women's,25612,Jessie Alexandra Fleming,0.09819923133411637
3893807,Canada Women's,26091,Jordyn Pamela Huitema,0.06086072511126067
3893807,Canada Women's,131645,Julia Angela Grosso,0.05461357001581763
3893807,Canada Women's,15357,Kadeisha Buchanan,0.08028815913339105
3893807,Canada Women's,4981,Kailen Mary Iacovoni Sheridan,0.042831207208208794
3893807,Canada Women's,4951,Rebecca Quinn,0.11660375721675381
3893807,Canada Women's,5074,Shelina Laura Zadorsky,0.03395521698171148
3893807,Canada Women's,15180,Sophie Schmidt,0.048057710178680296
3893807,Canada Women's,30854,Vanessa Brigitte Gilles,0.10996964484118582
3893807,Republic of Ireland Women's,401636,Abbie Larkin,0.03651396055875977
3893807,Republic of Ireland Women's,401633,"Aine O""Gorman",0.06288465414831955
3893807,Republic of Ireland Women's,135257,Amber Barrett,0.022919107323182437
3893807,Republic of Ireland Women's,31555,Courtney Brosnan,0.03639941314805231
3893807,Republic of Ireland Women's,5084,Denise O'Sullivan,0.1264330235036369
3893807,Republic of Ireland Women's,337744,Isibeal Atkinson,0.04375032228211227
3893807,Republic of Ireland Women's,15620,Katie McCabe,0.11957734315153912
3893807,Republic of Ireland Women's,142768,Kyra Carusa,0.09237671401371642
3893807,Republic of Ireland Women's,327715,Lily Agg,0.03393934761302869
3893807,Republic of Ireland Women's,15621,Louise Quinn,0.029001180159852324
3893807,Republic of Ireland Women's,15564,Lucy Quinn,0.06879845454466799
3893807,Republic of Ireland Women's,42207,Marissa Maeve Sheva,0.029032561288629584
3893807,Republic of Ireland Women's,23413,Megan Connolly,0.06403166183592798
3893807,Republic of Ireland Women's,19777,Niamh Fahey,0.07458600529763337
3893807,Republic of Ireland Women's,35406,Ruesha Littlejohn,0.06683089443017382
3893807,Republic of Ireland Women's,389494,Sinead Farrelly,0.09292535670076754
3893808,Netherlands Women's,62951,Aniek Nouwen,0.03208408637243509
3893808,Netherlands Women's,47541,Damaris Berta Egurrola Wienke,0.03283896668799229
3893808,Netherlands Women's,10658,Danielle van de Donk,0.1156997244207107
3893808,Netherlands Women's,32339,Daphne van Domselaar,0.032589507151965826
3893808,Netherlands Women's,10666,Dominique Johanna Anna Petrone Janssen,0.0801285622302103
3893808,Netherlands Women's,62962,Esmee Brugts,0.07275145370379074
3893808,Netherlands Women's,10654,Jackie Groenen,0.05507559674714392
3893808,Netherlands Women's,10650,Jill Roord,0.13788871293374688
3893808,Netherlands Women's,46459,Katja Snoeijs,0.046628554350747614
3893808,Netherlands Women's,221888,Kerstin Yasmijn Casparij,0.015926500983284242
3893808,Netherlands Women's,10649,Lieke Martens,0.08840216378422602
3893808,Netherlands Women's,10645,Sherida Spitse,0.12654754312364355
3893808,Netherlands Women's,10647,Stephanie van der Gragt,0.054654625936870614
3893808,Netherlands Women's,63788,Victoria Pelova,0.10878400157323193
3893808,United States Women's,5085,Alexandra Morgan Carrasco,0.09899453831621274
3893808,United States Women's,5100,Alyssa Michele Naeher,0.033979285533139274
3893808,United States Women's,4940,Andi Sullivan,0.07832366860126845
3893808,United States Women's,5088,Crystal Alyssia Dunn Soubrier,0.1282550117048001
3893808,United States Women's,107491,Emily Ann Fox,0.06897296574161221
3893808,United States Women's,6811,Julie Beth Ertz,0.07687156129140264
3893808,United States Women's,4999,Lindsey Michelle Horan,0.09986623204690193
3893808,United States Women's,219423,Naomi Haile Girma,0.05770572163364675
3893808,United States Women's,4949,Rosemary Kathleen Lavelle,0.06594116901626025
3893808,United States Women's,218506,Savannah Marie DeMelo,0.06792811842263835
3893808,United States Women's,49172,Sophia Olivia Smith,0.09966906760966947
3893808,United States Women's,107917,Trinity Rain Moyer-Rodman,0.12349266008244748
3893809,Nigeria Women's,50020,Antionette Oyedupe Payne,0.08053834123681546
3893809,Nigeria Women's,135755,Ashleigh Plumptre,0.0914595092090849
3893809,Nigeria Women's,24881,Asisat Lamina Oshoala,0.042522750747806606
3893809,Nigeria Women's,25718,Chiamaka Cynthia Nnadozie,0.04083676596644267
3893809,Nigeria Women's,62908,Christy Onyenaturuchi Ucheibe,0.057039547527555134
3893809,Nigeria Women's,401722,Glory Ogbonna,0.019035076977204343
3893809,Nigeria Women's,25469,Halimatu Ibrahim Ayinde,0.11715181009909642
3893809,Nigeria Women's,5094,Ifeoma Onumonu,0.04293433191946263
3893809,Nigeria Women's,135146,Ijeoma Esther Okoronkwo,0.026127485684014545
3893809,Nigeria Women's,106836,Michelle Alozie,0.08129676101035688
3893809,Nigeria Women's,338631,Oluwatosin Blessing Demehin,0.0921171344559697
3893809,Nigeria Women's,25470,Osinachi Marvis Ohale,0.09065933904868963
3893809,Nigeria Women's,26156,Rasheedat Busayo Ajibade,0.13885385422800586
3893809,Nigeria Women's,25461,Uchenna Kanu,0.07942729188949556
3893809,Australia Women's,5078,Alanna Stephanie Kennedy,0.10288134936389144
3893809,Australia Women's,45287,Alexandra Chidiac,0.02383661337422285
3893809,Australia Women's,11338,Caitlin Jade Foord,0.07929190376545678
3893809,Australia Women's,8382,Clare Elizabeth Polkinghorne,0.020521991610963332
3893809,Australia Women's,401635,Clare Hunt,0.09328990059788811
3893809,Australia Women's,401634,Cortnee Brooke Vine,0.0519761461143632
3893809,Australia Women's,5095,Ellie Madison Carpenter,0.10907606107744684
3893809,Australia Women's,5076,Emily Louise van Egmond,0.08621534130962165
3893809,Australia Women's,6818,Hayley Emma Raso,0.05784109086904099
3893809,Australia Women's,4979,Katrina Gorry,0.14896340145228185
3893809,Australia Women's,131586,Kyra Lillee Cooney-Cross,0.11429763240142264
3893809,Australia Women's,42787,Mackenzie Arnold,0.033182348807593506
3893809,Australia Women's,5000,Stephanie-Elise Catley,0.07862621925580669
3893810,Vietnam Women's,401878,Bích Thùy Nguyễn Thị,0.08681970102548223
3893810,Vietnam Women's,401890,Hải Yến Phạm,0.037420612378487705
3893810,Vietnam Women's,401880,Kim Thanh Trần Thị,0.013266918663622342
3893810,Vietnam Women's,401883,Loan Hoàng Thị,0.08288469635138115
3893810,Vietnam Women's,401889,Như Huỳnh,0.11454990665720433
3893810,Vietnam Women's,401875,Thu Thương Lương Thị,0.04438935802606072
3893810,Vietnam Women's,401877,Thu Thảo Trần Thị,0.12243904719106102
3893810,Vietnam Women's,401874,Thu Trần Thị,0.030919411061374236
3893810,Vietnam Women's,401872,Thị Diễm My Lê,0.03002057253552591
3893810,Vietnam Women's,401876,Thị Hải Linh Trần,0.06975041556000575
3893810,Vietnam Women's,401881,Thị Kiều Chương,0.024468551796195726
3893810,Vietnam Women's,401885,Thị Thanh Nhã Nguyễn,0.0870390466846728
3893810,Vietnam Women's,401879,Thị Thảo Thái,0.12962315062532917
3893810,Vietnam Women's,401884,Thị Vân Dương,0.06970449323364966
3893810,Vietnam Women's,401888,Vạn Sự Ngân Thị,0.056704118209947384
3893810,Portugal Women's,10141,Ana Borges,0.09387524680022266
3893810,Portugal Women's,402132,Ana Ines Palma Capeta,0.027750448831530463
3893810,Portugal Women's,62910,Ana Rita Silva Seiça,0.0849472683329115
3893810,Portugal Women's,34875,Andreia Alexandra Norton,0.03351341617055893
3893810,Portugal Women's,327442,Andreia de Jesus Jacinto,0.10310029679766983
3893810,Portugal Women's,10162,Carole da Silva Costa,0.10328162400264965
3893810,Portugal Women's,10160,Carolina Mendes,0.021453943613728425
3893810,Portugal Women's,62913,Francisca Ramos Ribeiro Nazareth Sousa,0.0737890532330292
3893810,Portugal Women's,45144,Joana Filipa Gaspar Silva Marchão,0.0938835817395485
3893810,Portugal Women's,32054,Jéssica da Silva,0.06145958836043478
3893810,Portugal Women's,142944,Lúcia Catarina Sousa Alves,0.07934806313455398
3893810,Portugal Women's,10145,Patricia Isabel Sousa Barros Morais,0.021390881246149712
3893810,Portugal Women's,10157,Silvia Rebelo,0.01111977607734068
3893810,Portugal Women's,10167,Tatiana Vanessa Ferreira Pinto,0.08206153654677312
3893810,Portugal Women's,276577,Telma Raquel Velosa Encarnação,0.10902527511289853
3893811,Denmark Women's,224831,Amalie Jørgensen Vangsgaard,0.05890559517612626
3893811,Denmark Women's,10097,Frederikke Thøgersen,0.054179300024137324
3893811,Denmark Women's,87195,Janni Thomsen,0.10065931628210426
3893811,Denmark Women's,32699,Josefine Hasbo,0.0398543178607066
3893811,Denmark Women's,32230,Karen Holmgaard,0.08696014069426347
3893811,Denmark Women's,276443,Kathrine Møller Kühl,0.07747911037407396
3893811,Denmark Women's,10088,Katrine Veje,0.06817497052323657
3893811,Denmark Women's,276442,Lene Christensen,0.04304784064939008
3893811,Denmark Women's,10274,Nicoline Sørensen,0.04377389434563531
3893811,Denmark Women's,10108,Pernille Mosegaard Harder,0.1469946507132185
3893811,Denmark Women's,15789,Rikke Læntver Sevecke,0.08127167738007515
3893811,Denmark Women's,87191,Rikke Marie Madsen,0.05592533978143152
3893811,Denmark Women's,10109,Sanne Troelsgaard-Nielsen,0.019262403792092667
3893811,Denmark Women's,10111,Simone Boye-Sørensen,0.061328217189975776
3893811,Denmark Women's,87185,Stine Ballisager Pedersen,0.06218322521353256
3893811,England Women's,47521,Alessia Russo,0.04210483795032528
3893811,England Women's,10252,Alex Greenwood,0.13278251841347938
3893811,England Women's,15550,Bethany England,0.01895206949491908
3893811,England Women's,15570,Chloe Kelly,0.06902209275107599
3893811,England Women's,31534,Ella Toone,0.06416767927407131
3893811,England Women's,4643,Georgia Stanway,0.10053091135644003
3893811,England Women's,4658,Keira Walsh,0.04127304240019011
3893811,England Women's,19416,Laura Coombs,0.0557716477249719
3893811,England Women's,15555,Lauren Hemp,0.017184597246989324
3893811,England Women's,31531,Lauren James,0.09193671260026028
3893811,England Women's,10178,Lucy Bronze,0.12771518177474497
3893811,England Women's,31538,Mary Alexandra Earps,0.03543111885332888
3893811,England Women's,4642,Millie Bright,0.09120579902618445
3893811,England Women's,5058,Rachel Daly,0.111921791133019
3893812,Argentina Women's,25634,Aldana Cometti,0.06383498921317068
3893812,Argentina Women's,402461,Daiana Micaela Falfán,0.06172150200762596
3893812,Argentina Women's,25633,Eliana Noemí Stábile,0.07257270326574033
3893812,Argentina Women's,4944,Estefanía Romina Banini Ruiz,0.10028444995245811
3893812,Argentina Women's,25615,Flavia Lorena Benítez,0.07767425019190324
3893812,Argentina Women's,402465,Julieta Micaela Cruz Navarrete,0.03807773738178234
3893812,Argentina Women's,25602,Mariana Valeria Larroquette,0.054499756975336024
3893812,Argentina Women's,25640,María Florencia Bonsegundo,0.0995461148314061
3893812,Argentina Women's,25617,Miriam Anahí Mayorga,0.11225232991521286
3893812,Argentina Women's,273315,Paulina Gramaglia,0.0482417213850371
3893812,Argentina Women's,402467,Romina Stefania Núñez,0.07886855157160935
3893812,Argentina Women's,370851,Sophie Wais Braun,0.1151699597797885
3893812,Argentina Women's,25611,Vanina Noemí Correa,0.015382712362590072
3893812,Argentina Women's,387290,Yamila Tamara Rodríguez,0.03963995507839914
3893812,Argentina Women's,402463,Érica Noelia Lonigro,0.022233266087940066
3893812,South Africa Women's,25747,Bambanani Nolufefe Mbane,0.10124295361643479
3893812,South Africa Women's,402119,Bongeka Gamede,0.05593634246512449
3893812,South Africa Women's,402126,Hildah Tholakele Magaia,0.09160336663420313
3893812,South Africa Women's,25511,Jermaine Seoposenwe,0.09658837944432366
3893812,South Africa Women's,402118,Karabo Dhlamini,0.09200600786128679
3893812,South Africa Women's,25746,Kaylin Swart,0.060476358111395755
3893812,South Africa Women's,25521,Kholosa Biyana,0.05376650348430064
3893812,South Africa Women's,25520,Lebogang Ramalepe,0.0727054330803037
3893812,South Africa Women's,5053,Linda Maserame Motlhalo,0.08684085834820846
3893812,South Africa Women's,402124,Mapula Nomvula Kgoale,0.022493000025112557
3893812,South Africa Women's,402125,Melinda Kgadiete,0.045791079967283786
3893812,South Africa Women's,316798,Noxolo Cesane,0.029864480723555818
3893812,South Africa Women's,25516,Refiloe Jane,0.030018435013540193
3893812,South Africa Women's,25745,Sibulele Cecilia Holweni,0.03600222168834516
3893812,South Africa Women's,5052,Thembi Kgatlana,0.0851365800030349
3893812,South Africa Women's,402117,Tiisetso Makhubela,0.039527999533546215
3893813,China PR Women's,402019,Chengshu Wu,0.05594980395015967
3893813,China PR Women's,25482,Jiahui Lou,0.053364377570098785
3893813,China PR Women's,135616,Jiali Tang,0.01352376983314886
3893813,China PR Women's,402022,Jiaxing Dou,0.015475766898251397
3893813,China PR Women's,131579,Lina Yang,0.09645372525321558
3893813,China PR Women's,402024,Lingwei Yao,0.08679672110259015
3893813,China PR Women's,402025,Linyan Zhang,0.11480532247746722
3893813,China PR Women's,131575,Mengwen Li,0.07870872036756821
3893813,China PR Women's,131583,Qiaozhu Chen,0.087424062316656
3893813,China PR Women's,25490,Rui Zhang,0.044288188752011896
3893813,China PR Women's,25485,Shanshan Wang,0.0716894518793269
3893813,China PR Women's,24461,Shuang Wang,0.08028138371891444
3893813,China PR Women's,131580,Xin Zhang,0.0813733531462619
3893813,China PR Women's,25484,Yao Wei,0.09182491741200186
3893813,China PR Women's,131695,Yu Zhu,0.02804043532232729
3893813,Haiti Women's,46830,Batcheba Louis,0.057846533429052625
3893813,Haiti Women's,402002,Betina Petit-Frère,0.09027428405518562
3893813,Haiti Women's,53406,Chelsea Ariane Surpris,0.028953260122105043
3893813,Haiti Women's,402011,Danielle Monique Étienne,0.027407726516422603
3893813,Haiti Women's,402006,Dayana Pierre-Louis,0.06388781921975875
3893813,Haiti Women's,402001,Dougenie Tabita Kerbie Joseph,0.10762124854940647
3893813,Haiti Women's,402008,Kerly Théus,0.0132891469077322
3893813,Haiti Women's,46847,Kethna Louis,0.1149377781087956
3893813,Haiti Women's,401999,Maudeline Moryl,0.019967638571763577
3893813,Haiti Women's,142735,Melchie Daëlle Dumornay,0.11528549333743943
3893813,Haiti Women's,30970,Nérilia Mondesir,0.08224885669363494
3893813,Haiti Women's,402013,Roseline Éloissaint,0.04336462997218911
3893813,Haiti Women's,53993,Roselord Borgella,0.08593447731856058
3893813,Haiti Women's,402003,Ruthny Mathurin,0.07993034411569763
3893813,Haiti Women's,402012,Sherly Jeudy,0.05703582306271829
3893813,Haiti Women's,402015,Shwendesky Macélus Joseph,0.012014940019537335
3893814,Sweden Women's,26092,Amanda Ilestedt,0.07107490186108863
3893814,Sweden Women's,10221,Elin Ingrid Johanna Rubensson,0.04400725049657695
3893814,Sweden Women's,10229,Emma Stina Blackstenius,0.04778085109242161
3893814,Sweden Women's,13881,Eva Sofia Jakobsson,0.045023832691830676
3893814,Sweden Women's,10215,Fridolina Rolfö,0.06979120870523306
3893814,Sweden Women's,26093,Gun Nathalie Björn,0.15184229151647638
3893814,Sweden Women's,62666,Ingrid Filippa Angeldal,0.14311006671610574
3893814,Sweden Women's,62710,Johanna Rytting-Kaneryd,0.06156056785604595
3893814,Sweden Women's,10222,Jonna Ann-Charlotte Andersson,0.06758034156942741
3893814,Sweden Women's,10220,Kosovare Asllani,0.07096903906990862
3893814,Sweden Women's,25696,Madelen Fatimma Maria Janogy,0.050508756914450975
3893814,Sweden Women's,4633,Magdalena Lilly Eriksson,0.06005088833482238
3893814,Sweden Women's,10205,Olivia Alma Charlotta Schough,0.023517780247243394
3893814,Sweden Women's,32405,Rebecka Blomqvist,0.027378946895416874
3893814,Sweden Women's,10224,Sara Caroline Seger,0.04184374653437094
3893814,Sweden Women's,62713,Zecira Musovic,0.023959529498580403
3893814,Italy Women's,26585,Annamaria Serturini,0.036147585429509105
3893814,Italy Women's,32162,Arianna Caruso,0.06138980237425274
3893814,Italy Women's,10211,Barbara Bonansea,0.052166883633973725
3893814,Italy Women's,10370,Cecilia Salvai,0.10960233081189719
3893814,Italy Women's,135571,Chiara Beccari,0.0662167091525332
3893814,Italy Women's,10208,Elena Linari,0.059705508007569075
3893814,Italy Women's,32152,Francesca Durante,0.048741233018995724
3893814,Italy Women's,45884,Giada Greggi,0.05572180516572473
3893814,Italy Women's,349028,Giulia Dragoni,0.08520430673544002
3893814,Italy Women's,25770,Lisa Boattin,0.07437509305241075
3893814,Italy Women's,46224,Lucia Di Guglielmo,0.06126700645852031
3893814,Italy Women's,10228,Manuela Giugliano,0.09122012089579543
3893814,Italy Women's,49972,Martina Lenzini,0.04907886438599811
3893814,Italy Women's,45638,Sofia Cantore,0.09055130820086915
3893814,Italy Women's,10398,Valentina Cernoia,0.036717904070640704
3893814,Italy Women's,25541,Valentina Giacinti,0.021893538605870108
3893815,France Women's,10121,Eugénie Le Sommer,0.09508261412560126
3893815,France Women's,10418,Eve Perisset,0.08900088944870006
3893815,France Women's,10137,Kadidiatou Diani,0.059038943578834505
3893815,France Women's,15421,Kenza Dali,0.09487615464318493
3893815,France Women's,31529,Léa Le Garrec,0.024527992030815716
3893815,France Women's,31784,Maëlle Lakrar,0.044032903301711196
3893815,France Women's,10272,Onema Grace Geyoro,0.12693407905827583
3893815,France Women's,15615,Pauline Peyraud Magnin,0.03748324987270751
3893815,France Women's,10117,Sakina Karchaoui,0.09288300163562756
3893815,France Women's,30971,Sandie Toletti,0.12060485450808227
3893815,France Women's,15471,Selma Bacha,0.07251428172574144
3893815,France Women's,49233,Vicki Becho,0.0686197422534589
3893815,France Women's,10125,Wendie Renard,0.07440129381725882
3893815,Brazil Women's,389489,Adriana Leal da Silva,0.09836524100343944
3893815,Brazil Women's,62907,Ana Vitória Angélica Kliemaschewsk de Araújo,0.01877539517199347
3893815,Brazil Women's,24368,Andressa Alves da Silva,0.0591612324625963
3893815,Brazil Women's,50003,Antonia Ronnycleide da Costa Silva,0.08602677424512131
3893815,Brazil Women's,389488,Ariadina Alves Borges,0.0945497278256093
3893815,Brazil Women's,25561,Beatriz Zaneratto João,0.025712636556580692
3893815,Brazil Women's,5044,Débora Cristiane de Oliveira,0.10173255651334803
3893815,Brazil Women's,25543,Geyse da Silva Ferreira,0.05028811437755911
3893815,Brazil Women's,105708,Kerolin Nicoli Israel Ferraz,0.1239314588138063
3893815,Brazil Women's,182466,Lauren Eduarda Leal Costa,0.06561511623149358
3893815,Brazil Women's,131581,Letícia Izidoro Lima da Silva,0.026246508900282118
3893815,Brazil Women's,25743,Luana Bertolucci Paixão,0.10894847000721394
3893815,Brazil Women's,5071,Monica Hickmann Alves,0.029376672679722764
3893815,Brazil Women's,131570,Rafaelle Leone Carvalho Souza,0.05293108458783875
3893815,Brazil Women's,25559,Tamires Cássia Dias de Britto,0.05833901062339499
3893816,Jamaica Women's,25545,Allyson Swaby,0.06585296168943339
3893816,Jamaica Women's,327719,Atlanta Reigan Primus,0.0836617535198236
3893816,Jamaica Women's,25558,Chantelle Swaby,0.0622117504018132
3893816,Jamaica Women's,25546,Cheyna Lee Matthews,0.04503722792338553
3893816,Jamaica Women's,25557,Deneisha Selena Blackwood,0.10103376117305893
3893816,Jamaica Women's,4638,Drew Spence,0.13262449152697456
3893816,Jamaica Women's,25538,Jody Brown,0.11185514869190791
3893816,Jamaica Women's,402178,Kameron Necole Simmonds,0.020350531568080074
3893816,Jamaica Women's,41010,Kayla McCoy,0.08637240508431199
3893816,Jamaica Women's,402175,Peyton McNamara,0.03343546772768041
3893816,Jamaica Women's,18158,Rebecca Leigh Spencer,0.04813093537146002
3893816,Jamaica Women's,402179,Solai Washington,0.025849756467148977
3893816,Jamaica Women's,402176,Tiernny Arlene Wiltshire,0.011407141375696069
3893816,Jamaica Women's,25535,Tiffany Cameron,0.0546802901047479
3893816,Jamaica Women's,25553,Trudi Sudan Carter,0.06307507913136025
3893816,Jamaica Women's,21014,Vyan Sampson,0.054421298243117165
3893816,Panama Women's,359388,Aldrith Ivana Quintero Humphries,0.0848647955670587
3893816,Panama Women's,402784,Carina Alicia Baltrip-Reyes,0.08463227129629108
3893816,Panama Women's,402790,Carmen Milagros Montenegro Martínez,0.0231607546693803
3893816,Panama Women's,402798,Deysiré Mayte Salazar Biscaino,0.03391224806385347
3893816,Panama Women's,402788,Emily Masiel Cedeño Coba,0.09286257227442238
3893816,Panama Women's,402794,Hilary Stacy Jaén Rodríguez,0.030201353849600827
3893816,Panama Women's,402789,Karla Paola Riley Serracín,0.04978402169357871
3893816,Panama Women's,402793,Katherine Lineth Castillo Macías,0.07518810073557045
3893816,Panama Women's,135588,Lineth Cedeno,0.07818770586988422
3893816,Panama Women's,361339,Marta Alexandra Cox Villarreal,0.13856965085761525
3893816,Panama Women's,395287,Riley Tanner Rintala,0.06805762823226658
3893816,Panama Women's,402796,Schiandra Yael González Jurado,0.06890279935368798
3893816,Panama Women's,402792,Wendy Yisbel Natis Bárcenas,0.04578002705385835
3893816,Panama Women's,402781,Yenith Elizabett Bailey de la Cruz,0.04269156014466138
3893816,Panama Women's,402786,Yomira Tibisay Pinzón Ríos,0.08320451033827056
3893817,New Zealand Women's,21062,Alexandra Riley,0.10593041722433957
3893817,New Zealand Women's,25660,Annalie Longo,0.04339765834071224
3893817,New Zealand Women's,25662,Catherine Joan Bott,0.1187190344964682
3893817,New Zealand Women's,131590,Claudia Bunge,0.03370992790892966
3893817,New Zealand Women's,25663,Elizabeth Doon Hassett,0.03810834675667134
3893817,New Zealand Women's,131587,Gabrielle Rose Rennie,0.017298372029728414
3893817,New Zealand Women's,401640,Grace Joanna Ella Jale,0.03795475395813218
3893817,New Zealand Women's,25658,Hannah Wilkinson,0.051938111403952915
3893817,New Zealand Women's,66217,Indiah-Paige Janita Riley,0.0423882841519199
3893817,New Zealand Women's,392266,Jacqueline Anne Hand,0.08662010516851529
3893817,New Zealand Women's,5028,Katie Bowen,0.1297968937358186
3893817,New Zealand Women's,401642,Malia Grace Steinmetz,0.0857342666675664
3893817,New Zealand Women's,24925,Olivia Chance,0.04169092006359427
3893817,New Zealand Women's,4989,Rebekah Ashley Stott,0.08298989090541009
3893817,New Zealand Women's,18145,Ria Percival,0.05417339035524579
3893817,New Zealand Women's,214481,Victoria Esson,0.029549626832995047
3893817,Switzerland Women's,18153,Alisha Lehmann,0.042816171655796584
3893817,Switzerland Women's,10408,Ana-Maria Crnogorčević,0.10151868025775965
3893817,Switzerland Women's,31630,Coumba Sow,0.09187209113637096
3893817,Switzerland Women's,10407,Eseosa Aigbogun,0.08553595002572856
3893817,Switzerland Women's,10400,Gaëlle Thalmann,0.05736799441038054
3893817,Switzerland Women's,10419,Géraldine Reuteler,0.06115868330453377
3893817,Switzerland Women's,32101,Julia Stierli,0.09501655016119517
3893817,Switzerland Women's,10405,Lia Wälti,0.08128920100819662
3893817,Switzerland Women's,10420,Meriame Terchoun,0.019896558852025285
3893817,Switzerland Women's,276579,Nadine Riesen,0.0922899458069453
3893817,Switzerland Women's,10404,Noelle Maritz,0.07449084191172733
3893817,Switzerland Women's,4659,Ramona Bachmann,0.09549130361370811
3893817,Switzerland Women's,43045,Sandrine Mauron,0.013794342670989829
3893817,Switzerland Women's,32105,Seraina Piubel,0.0739948940311557
3893817,Switzerland Women's,10417,Viola Calligaris,0.013466791153486691
3893818,Germany Women's,15178,Alexandra Popp,0.10248424949998058
3893818,Germany Women's,46999,Chantal Hagel,0.09602033648042901
3893818,Germany Women's,46987,Jule Brand,0.07402698591577973
3893818,Germany Women's,10399,Kathrin Julia Hendrich,0.11884365965933684
3893818,Germany Women's,25729,Klara Bühl,0.08885375666025493
3893818,Germany Women's,25476,Lea Schüller,0.025233743268115415
3893818,Germany Women's,25478,Lena Oberdorf,0.10060403963579148
3893818,Germany Women's,10259,Lina Magull,0.07664755927675686
3893818,Germany Women's,15443,Merle Frohms,0.038535195422482446
3893818,Germany Women's,46549,Nicole Anyomi,0.01863013951121103
3893818,Germany Women's,10261,Sara Doorsoun-Khajeh,0.04344480408232847
3893818,Germany Women's,10263,Sara Däbritz,0.10646770811448024
3893818,Germany Women's,47008,Sjoeke Nüsken,0.041138461923146984
3893818,Germany Women's,10374,Svenja Huth,0.06906936054990616
3893818,Colombia Women's,403283,Carolina Arias Vidal,0.13267790180991035
3893818,Colombia Women's,46344,Catalina Pérez Jaramillo,0.017183252795534384
3893818,Colombia Women's,403277,Daniela Alexandra Árias Rojas,0.020174555065775375
3893818,Colombia Women's,403282,Daniela Montoya Quiróz,0.04013656391081168
3893818,Colombia Women's,403280,Diana Carolina Ospina García Pineda,0.0272888892173015
3893818,Colombia Women's,388473,Jorelyn Andrea Daniela Carabalí Martínez,0.03202292409690092
3893818,Colombia Women's,49888,Lady Patricia Andrade Rodríguez,0.0470486724890707
3893818,Colombia Women's,32215,Leicy Maria Santos Herrera,0.09634380184792905
3893818,Colombia Women's,386339,Linda Lizeth Caicedo Alegría,0.12895014931283058
3893818,Colombia Women's,49904,Lorena Bedoya Durango,0.0692061307799719
3893818,Colombia Women's,49945,Manuela Vanegas Cataño,0.06347953918206527
3893818,Colombia Women's,403281,Marcela Restrepo Valencia,0.010714285714285716
3893818,Colombia Women's,403278,María Catalina Usme Pineda,0.15502652546586057
3893818,Colombia Women's,53188,Mayra Tatiana Ramírez Ramírez,0.1597468083117519
3893819,Korea Republic Women's,403291,Casey Yu-Jin Phair,0.014758727680237015
3893819,Korea Republic Women's,403292,Eun-Ha Jeoun,0.02398314063144106
3893819,Korea Republic Women's,403289,Eun-Sun Park,0.0619630383968838
3893819,Korea Republic Women's,25453,Geum-Min Lee,0.06909138163486533
3893819,Korea Republic Women's,34509,Hwa-Yeon Son,0.03486040760634965
3893819,Korea Republic Women's,34550,Hye-Ji Hong,0.08749386290279904
3893819,Korea Republic Women's,25451,Hye-Ri Kim,0.0683312569801265
3893819,Korea Republic Women's,403286,Hyo-Joo Choo,0.023100420296465536
3893819,Korea Republic Women's,403284,Jung-Mi Kim,0.022857026804271405
3893819,Korea Republic Women's,25717,Mi-Ra Moon,0.038331502333046344
3893819,Korea Republic Women's,25447,Sel-Gi Jang,0.14399955352674615
3893819,Korea Republic Women's,403287,Seo-Yeon Shim,0.11198341285545926
3893819,Korea Republic Women's,22798,So-Hyun Cho,0.10285320596078135
3893819,Korea Republic Women's,4647,So-Yun Ji,0.14726473755013253
3893819,Korea Republic Women's,403290,Yu-Ri Choe,0.0491283248403951
3893819,Morocco Women's,31641,Elodie Nakkach,0.06973636141621967
3893819,Morocco Women's,402666,Fatima Zahra Tagnaout,0.13707455365167087
3893819,Morocco Women's,402663,Ghizlane Chebbak,0.13487257091510194
3893819,Morocco Women's,402658,Hanane Aït El Haj,0.10088283002512774
3893819,Morocco Women's,402661,Ibtissam Jraïdi,0.07224653786419422
3893819,Morocco Women's,402656,Khadija Er-Rmichi,0.016954632686877198
3893819,Morocco Women's,402662,Najat Badri,0.024710571945741396
3893819,Morocco Women's,135153,Nesryne El Chad,0.04039462315562539
3893819,Morocco Women's,402660,Nouhaila Benzina,0.03627978334778967
3893819,Morocco Women's,21048,Rosella Ayane,0.03641139648030675
3893819,Morocco Women's,402655,Sakina Ouzraoui Diki,0.08873243700663186
3893819,Morocco Women's,46564,Salma Amani,0.0987135084669486
3893819,Morocco Women's,135877,Sarah Kassi,0.0175639536318763
3893819,Morocco Women's,402667,Sofia Bouftini,0.025926211797451935
3893819,Morocco Women's,402665,Zineb Redouani,0.09950002760843679
3893820,Philippines Women's,401741,Alicia Balicoco Barker,0.03767141006513977
3893820,Philippines Women's,401731,Angela Beard,0.09870687713362533
3893820,Philippines Women's,401738,Chandler Blue Isip McDaniel,0.019777968476488647
3893820,Philippines Women's,401739,Dominique Jaylin Abrena Randle,0.014872945868575013
3893820,Philippines Women's,401737,Hali Moriah Candido Long,0.09492098632021045
3893820,Philippines Women's,401742,Isabella Victoria Sola Flanigan,0.02185784399949739
3893820,Philippines Women's,401732,Jaclyn Katrina Demis Sawicki,0.08923155631972102
3893820,Philippines Women's,389446,Jessika Rebecca Macayan Cowart,0.11501923133179595
3893820,Philippines Women's,225115,Katrina Jacqueline Rivera Guillou,0.12179568676341809
3893820,Philippines Women's,401746,Kristen Ryley Sy Bugay,0.009375000000000001
3893820,Philippines Women's,401730,Meryll Serrano,0.013830478891848758
3893820,Philippines Women's,401735,Olivia Alexandra Davies Isip McDaniel,0.04842633431541515
3893820,Philippines Women's,401745,Quinley Mirielle Campomanes Quezada-Keča,0.09500328879793557
3893820,Philippines Women's,401748,Sara Kristine Bantan Eggesvik,0.11588365933747061
3893820,Philippines Women's,401733,Sarina Isabel Calpo Bolden,0.08491422860468664
3893820,Philippines Women's,324160,Sofia Nicole Dador Harrison,0.018712503774171614
3893820,Norway Women's,10390,Anja Sønstevold,0.056212721164115874
3893820,Norway Women's,276289,Anna Langås Jøsendal,0.027820204192164428
3893820,Norway Women's,36800,Aurora Watten Mikalsen,0.030407146542835738
3893820,Norway Women's,10386,Caroline Graham Hansen,0.07156203234209206
3893820,Norway Women's,10392,Emilie Haavi,0.04284189439596736
3893820,Norway Women's,10516,Frida Maanum,0.06769095576916646
3893820,Norway Women's,276304,Guro Bergsvand,0.02781465075367545
3893820,Norway Women's,10514,Guro Reiten,0.0635501967528537
3893820,Norway Women's,24374,Ingrid Syrstad Engen,0.034932975945768455
3893820,Norway Women's,25728,Karina Sævik,0.04409292150280716
3893820,Norway Women's,10395,Maren Nævdal Mjelde,0.12344504946672105
3893820,Norway Women's,401645,Mathilde Hauge Harviken,0.0742847449274266
3893820,Norway Women's,24706,Sophie Roman Haug,0.0692584798446758
3893820,Norway Women's,276303,Thea Bjelde,0.05540592280402312
3893820,Norway Women's,276288,Tuva Hansen,0.09917095356818242
3893820,Norway Women's,25466,Vilde Bøe Risa,0.11150915002752437
3893821,Australia Women's,5078,Alanna Stephanie Kennedy,0.06160703445598676
3893821,Australia Women's,11338,Caitlin Jade Foord,0.13039575320079277
3893821,Australia Women's,8382,Clare Elizabeth Polkinghorne,0.016884745744970574
3893821,Australia Women's,401635,Clare Hunt,0.053546868804782315
3893821,Australia Women's,401634,Cortnee Brooke Vine,0.02432118929492567
3893821,Australia Women's,5095,Ellie Madison Carpenter,0.08266535033979401
3893821,Australia Women's,5076,Emily Louise van Egmond,0.07757510307837885
3893821,Australia Women's,6818,Hayley Emma Raso,0.07267786972781581
3893821,Australia Women's,4979,Katrina Gorry,0.11636719115015186
3893821,Australia Women's,131586,Kyra Lillee Cooney-Cross,0.101631095406051
3893821,Australia Women's,42787,Mackenzie Arnold,0.0375275625446369
3893821,Australia Women's,35693,Mary Boio Fowler,0.11227633821601392
3893821,Australia Women's,5000,Stephanie-Elise Catley,0.11252389803569948
3893821,Canada Women's,8297,Adriana Kristina Leon,0.03895549372888489
3893821,Canada Women's,5038,Allysha Lyn Chapman,0.038252040245793394
3893821,Canada Women's,15290,Ashley Elizabeth Marie Lawrence,0.09162677099987332
3893821,Canada Women's,5020,Christine Margaret Sinclair,0.03532441043031744
3893821,Canada Women's,62906,Cloé Zoé Eyja Lacasse,0.05329050604640933
3893821,Canada Women's,25601,Deanne Cynthia Rose,0.03041287585064028
3893821,Canada Women's,41950,Evelyne Viens,0.023050433690790566
3893821,Canada Women's,25785,Jayde Yuk Fun Riviere,0.04059103247846421
3893821,Canada Women's,25612,Jessie Alexandra Fleming,0.07294951520198108
3893821,Canada Women's,26091,Jordyn Pamela Huitema,0.0469759906900739
3893821,Canada Women's,131645,Julia Angela Grosso,0.06064897541630622
3893821,Canada Women's,15357,Kadeisha Buchanan,0.1016008561569474
3893821,Canada Women's,4981,Kailen Mary Iacovoni Sheridan,0.06550789097855819
3893821,Canada Women's,401725,Olivia Smith,0.014819654061267704
3893821,Canada Women's,4951,Rebecca Quinn,0.08079423900445326
3893821,Canada Women's,15180,Sophie Schmidt,0.04822509927009672
3893821,Canada Women's,30854,Vanessa Brigitte Gilles,0.1569742157491421
3893822,Japan Women's,401925,Aoba Fujino,0.07990206098155869
3893822,Japan Women's,25627,Ayaka Yamashita,0.03875549199297746
3893822,Japan Women's,299860,Fuka Nagano,0.05404753630878135
3893822,Japan Women's,401926,Hana Takahashi,0.06580869901284242
3893822,Japan Women's,401929,Hikaru Naomoto,0.073331002525971
3893822,Japan Women's,401932,Hinata Miyazawa,0.06428894040785205
3893822,Japan Women's,131653,Honoka Hayashi,0.08342619184807626
3893822,Japan Women's,25608,Jun Endo,0.08988666607667162
3893822,Japan Women's,85500,Mina Tanaka,0.06016020640689721
3893822,Japan Women's,401931,Miyabi Moriya,0.10292486208837356
3893822,Japan Women's,25638,Moeka Minami,0.042794853703240876
3893822,Japan Women's,401930,Riko Ueki,0.11151296664021734
3893822,Japan Women's,25624,Risa Shimizu,0.05651065213526005
3893822,Japan Women's,15257,Saki Kumagai,0.03656044794048021
3893822,Japan Women's,25632,Yui Hasegawa,0.04008942193080007
3893822,Spain Women's,15284,Aitana Bonmati Conca,0.10191842459283187
3893822,Spain Women's,50151,Alba María Redondo Ferrer,0.014092470358385505
3893822,Spain Women's,10143,Alexia Putellas Segura,0.06098147473357744
3893822,Spain Women's,50156,Claudia  Zornoza Sánchez,0.03167188732564126
3893822,Spain Women's,50146,Esther Gonzalez Rodríguez,0.013963194351396133
3893822,Spain Women's,50152,Eva Maria Navarro,0.024013717998005946
3893822,Spain Women's,10165,Irene Paredes Hernandez,0.12081170965194987
3893822,Spain Women's,10151,Jennifer Hermoso Fuentes,0.0831897915330522
3893822,Spain Women's,10161,María Francesca Caldentey Oliver,0.06505483339805729
3893822,Spain Women's,49830,María Isabel Rodríguez Rivero,0.01705560646385249
3893822,Spain Women's,49889,Oihane Hernández Zurbano,0.042352491609919385
3893822,Spain Women's,49836,Olga  Carmona García,0.03979629444764283
3893822,Spain Women's,46639,Ona Batlle Pascual,0.10930005418874669
3893822,Spain Women's,50153,Rocío Gálvez Luna,0.1021610471858497
3893822,Spain Women's,222682,Salma Paralluelo Ayingono,0.05573372398553002
3893822,Spain Women's,49835,Teresa Abelleira Dueñas,0.1179032781755614
3893823,Zambia Women's,131623,Agness Musase,0.05045774965236095
3893823,Zambia Women's,131625,Avell Chitundu,0.0819045856710397
3893823,Zambia Women's,131619,Barbra Banda,0.1487263703966096
3893823,Zambia Women's,131629,Catherine Musonda,0.013632772825755158
3893823,Zambia Women's,131631,Evarine Susan Katongo,0.0764912164940445
3893823,Zambia Women's,131613,Hellen Mubanga,0.02068865340919801
3893823,Zambia Women's,131628,Hellen Nga''ndwe Chanda,0.05741844964664422
3893823,Zambia Women's,131624,Lushomo Mweemba,0.05885598188182371
3893823,Zambia Women's,131616,Margaret Belemu,0.10072066434894798
3893823,Zambia Women's,131694,Martha Tembo,0.11637582835762343
3893823,Zambia Women's,131614,Mary Wilombe,0.021816229935430136
3893823,Zambia Women's,32854,Racheal Kundananji,0.15419364257328516
3893823,Zambia Women's,401941,Siomala Mapepa,0.023834796182581316
3893823,Zambia Women's,401939,Susan Banda,0.07488305862465613
3893823,Costa Rica Women's,401800,Alexandra Pinell González,0.012834805535844013
3893823,Costa Rica Women's,401802,Daniela Solera Vega,0.024123531076963235
3893823,Costa Rica Women's,401806,Emilie Vanessa Valenciano Rojas,0.023065599218152315
3893823,Costa Rica Women's,401808,Fabiola Villalobos Morales,0.0783231159012658
3893823,Costa Rica Women's,34486,Gloriana Jesus Villalobos Vega,0.05908159836602378
3893823,Costa Rica Women's,34480,Katherine Maria Alvarado Aguilar,0.09871325787502692
3893823,Costa Rica Women's,34477,Mariana De Los Angeles Benavidez,0.08028122214020521
3893823,Costa Rica Women's,401803,María Paula Coto González,0.11090194787340488
3893823,Costa Rica Women's,34478,María Paula Salas,0.03813691227853052
3893823,Costa Rica Women's,30958,Melissa Herrera Monge,0.11618738310010827
3893823,Costa Rica Women's,34483,Priscila Chinchilla,0.08677200075095985
3893823,Costa Rica Women's,4967,Raquel Rodriguez,0.1267896983575232
3893823,Costa Rica Women's,401801,Sheika Daleicha Scott Richardson,0.06233737504157499
3893823,Costa Rica Women's,361135,Valeria del Campo Gutiérrez,0.08245155248441709
3893824,Nigeria Women's,50020,Antionette Oyedupe Payne,0.08215377602127072
3893824,Nigeria Women's,135755,Ashleigh Plumptre,0.08460558362665134
3893824,Nigeria Women's,24881,Asisat Lamina Oshoala,0.04191843134144984
3893824,Nigeria Women's,25718,Chiamaka Cynthia Nnadozie,0.01691200836086401
3893824,Nigeria Women's,62908,Christy Onyenaturuchi Ucheibe,0.11150069342167615
3893824,Nigeria Women's,355040,Gift Nyakno Monday,0.03098253716626262
3893824,Nigeria Women's,25469,Halimatu Ibrahim Ayinde,0.09914047780439562
3893824,Nigeria Women's,5094,Ifeoma Onumonu,0.02848217750744131
3893824,Nigeria Women's,106836,Michelle Alozie,0.1389678468914195
3893824,Nigeria Women's,338631,Oluwatosin Blessing Demehin,0.07532325148696357
3893824,Nigeria Women's,25465,Onome Ebi,0.012181292866284056
3893824,Nigeria Women's,25470,Osinachi Marvis Ohale,0.11440314596738936
3893824,Nigeria Women's,26156,Rasheedat Busayo Ajibade,0.08468100402451863
3893824,Nigeria Women's,25461,Uchenna Kanu,0.0787477735134133
3893824,Republic of Ireland Women's,401636,Abbie Larkin,0.018974201611426402
3893824,Republic of Ireland Women's,31555,Courtney Brosnan,0.031038209722231876
3893824,Republic of Ireland Women's,5084,Denise O'Sullivan,0.08667725420104233
3893824,Republic of Ireland Women's,47095,Diane Caldwell,0.013216800130605406
3893824,Republic of Ireland Women's,16382,Heather Payne,0.07950933495396272
3893824,Republic of Ireland Women's,15620,Katie McCabe,0.10170731938067391
3893824,Republic of Ireland Women's,142768,Kyra Carusa,0.046814645719432
3893824,Republic of Ireland Women's,327715,Lily Agg,0.052457453485966886
3893824,Republic of Ireland Women's,15621,Louise Quinn,0.0861734614587487
3893824,Republic of Ireland Women's,42207,Marissa Maeve Sheva,0.019877124104651193
3893824,Republic of Ireland Women's,23413,Megan Connolly,0.12895747924833312
3893824,Republic of Ireland Women's,19777,Niamh Fahey,0.13714097399231825
3893824,Republic of Ireland Women's,35406,Ruesha Littlejohn,0.11518648517485827
3893824,Republic of Ireland Women's,389494,Sinead Farrelly,0.08226925681574887
3893825,Denmark Women's,224831,Amalie Jørgensen Vangsgaard,0.12069798725902733
3893825,Denmark Women's,87195,Janni Thomsen,0.09303427858409072
3893825,Denmark Women's,32699,Josefine Hasbo,0.0186402266196993
3893825,Denmark Women's,32230,Karen Holmgaard,0.06723811524517853
3893825,Denmark Women's,276443,Kathrine Møller Kühl,0.06788273484746557
3893825,Denmark Women's,10088,Katrine Veje,0.09087119890031514
3893825,Denmark Women's,276442,Lene Christensen,0.03278658497841626
3893825,Denmark Women's,38248,Luna Nørgaard Gewitz,0.009375000000000001
3893825,Denmark Women's,87187,Mille Gejl Jensen,0.04045749674735459
3893825,Denmark Women's,10274,Nicoline Sørensen,0.07006622434785473
3893825,Denmark Women's,10108,Pernille Mosegaard Harder,0.10051787977519122
3893825,Denmark Women's,15789,Rikke Læntver Sevecke,0.09402293474352419
3893825,Denmark Women's,87191,Rikke Marie Madsen,0.0659566724855695
3893825,Denmark Women's,10109,Sanne Troelsgaard-Nielsen,0.02099822404499984
3893825,Denmark Women's,24460,Signe Kallesøe Bruun,0.04177703853529942
3893825,Denmark Women's,10111,Simone Boye-Sørensen,0.06567740288601367
3893825,Haiti Women's,46830,Batcheba Louis,0.06781641915389122
3893825,Haiti Women's,402002,Betina Petit-Frère,0.04163886548183464
3893825,Haiti Women's,53406,Chelsea Ariane Surpris,0.09827472636758852
3893825,Haiti Women's,402006,Dayana Pierre-Louis,0.051587426583653534
3893825,Haiti Women's,402001,Dougenie Tabita Kerbie Joseph,0.07149421187787777
3893825,Haiti Women's,402008,Kerly Théus,0.02559200863365646
3893825,Haiti Women's,46847,Kethna Louis,0.06798440690067696
3893825,Haiti Women's,142735,Melchie Daëlle Dumornay,0.14725762574696724
3893825,Haiti Women's,30970,Nérilia Mondesir,0.13199292920636338
3893825,Haiti Women's,402013,Roseline Éloissaint,0.1254000970153055
3893825,Haiti Women's,53993,Roselord Borgella,0.05274366977355254
3893825,Haiti Women's,402003,Ruthny Mathurin,0.02859159135659768
3893825,Haiti Women's,402012,Sherly Jeudy,0.08962602190203481
3893826,United States Women's,5085,Alexandra Morgan Carrasco,0.10673393793941577
3893826,United States Women's,5100,Alyssa Michele Naeher,0.03473053455957184
3893826,United States Women's,389495,Alyssa Paola Thompson,0.019052375426832045
3893826,United States Women's,4940,Andi Sullivan,0.03617740673556662
3893826,United States Women's,5088,Crystal Alyssia Dunn Soubrier,0.09910095910134009
3893826,United States Women's,107491,Emily Ann Fox,0.0778213549982977
3893826,United States Women's,5003,Emily Ann Sonnett,0.014138687553761867
3893826,United States Women's,6811,Julie Beth Ertz,0.08539066229615974
3893826,United States Women's,5021,Kelley Maureen O'Hara,0.01739336464146308
3893826,United States Women's,4999,Lindsey Michelle Horan,0.08900010575840578
3893826,United States Women's,5055,Lynn Raenie Williams,0.11131128384722969
3893826,United States Women's,8298,Megan Anna Rapinoe,0.09761495887369975
3893826,United States Women's,219423,Naomi Haile Girma,0.06104630068509518
3893826,United States Women's,4949,Rosemary Kathleen Lavelle,0.06579756579265844
3893826,United States Women's,49172,Sophia Olivia Smith,0.06660335009723733
3893826,United States Women's,107917,Trinity Rain Moyer-Rodman,0.018087151693265052
3893826,Portugal Women's,10141,Ana Borges,0.09433496623430712
3893826,Portugal Women's,402132,Ana Ines Palma Capeta,0.021927845916325427
3893826,Portugal Women's,34875,Andreia Alexandra Norton,0.08034098524513145
3893826,Portugal Women's,327442,Andreia de Jesus Jacinto,0.04264108243165922
3893826,Portugal Women's,10162,Carole da Silva Costa,0.06391194563828609
3893826,Portugal Women's,62905,Catarina Amado,0.06760781096099354
3893826,Portugal Women's,32143,Diana Catarina Ribeiro Gomes,0.06985427509170607
3893826,Portugal Women's,10159,Diana Micaela Abreu de Sousa e Silva,0.06329320081125046
3893826,Portugal Women's,10140,Dolores Isabel Jacome Silva,0.101158256475497
3893826,Portugal Women's,62913,Francisca Ramos Ribeiro Nazareth Sousa,0.08833626875924872
3893826,Portugal Women's,34872,Inês Teixeira Pereira,0.0259583115246648
3893826,Portugal Women's,45144,Joana Filipa Gaspar Silva Marchão,0.013082611835401756
3893826,Portugal Women's,32054,Jéssica da Silva,0.09831672605462216
3893826,Portugal Women's,10167,Tatiana Vanessa Ferreira Pinto,0.13382146211429122
3893826,Portugal Women's,276577,Telma Raquel Velosa Encarnação,0.035414250906615014
3893827,Vietnam Women's,401878,Bích Thùy Nguyễn Thị,0.08724593887606805
3893827,Vietnam Women's,401890,Hải Yến Phạm,0.08505661887779317
3893827,Vietnam Women's,401880,Kim Thanh Trần Thị,0.009375000000000001
3893827,Vietnam Women's,401883,Loan Hoàng Thị,0.052342440914937886
3893827,Vietnam Women's,401889,Như Huỳnh,0.05777233026582024
3893827,Vietnam Women's,401875,Thu Thương Lương Thị,0.013017344345744883
3893827,Vietnam Women's,401877,Thu Thảo Trần Thị,0.09799172359903216
3893827,Vietnam Women's,401874,Thu Trần Thị,0.06598582838287026
3893827,Vietnam Women's,401872,Thị Diễm My Lê,0.07029800975458048
3893827,Vietnam Women's,401876,Thị Hải Linh Trần,0.08265262806902546
3893827,Vietnam Women's,401870,Thị Hằng Khổng,0.009375000000000001
3893827,Vietnam Women's,401881,Thị Kiều Chương,0.014647890243278432
3893827,Vietnam Women's,401873,Thị Mỹ Anh Nguyễn,0.0836511461446438
3893827,Vietnam Women's,401885,Thị Thanh Nhã Nguyễn,0.12830968690173067
3893827,Vietnam Women's,401884,Thị Vân Dương,0.09857626022807045
3893827,Vietnam Women's,401886,Tuyết Dung Nguyễn Thị,0.04370215339640405
3893827,Netherlands Women's,63783,Caitlin Dijkstra,0.02950068494739695
3893827,Netherlands Women's,47541,Damaris Berta Egurrola Wienke,0.06682672591698771
3893827,Netherlands Women's,10658,Danielle van de Donk,0.04464094138447951
3893827,Netherlands Women's,32339,Daphne van Domselaar,0.016931151214397717
3893827,Netherlands Women's,10666,Dominique Johanna Anna Petrone Janssen,0.11277533523658015
3893827,Netherlands Women's,62962,Esmee Brugts,0.049766249409496505
3893827,Netherlands Women's,10654,Jackie Groenen,0.06487022176777055
3893827,Netherlands Women's,10650,Jill Roord,0.10873893433361584
3893827,Netherlands Women's,46459,Katja Snoeijs,0.04894420287779957
3893827,Netherlands Women's,221888,Kerstin Yasmijn Casparij,0.0578451343258927
3893827,Netherlands Women's,10649,Lieke Martens,0.08512143550088547
3893827,Netherlands Women's,25659,Merel van Dongen,0.022973580887966038
3893827,Netherlands Women's,10645,Sherida Spitse,0.10329567843144008
3893827,Netherlands Women's,10647,Stephanie van der Gragt,0.09146599555831497
3893827,Netherlands Women's,63788,Victoria Pelova,0.03723672709044723
3893827,Netherlands Women's,221887,Wieke Hendrikje Maria Kaptein,0.05906700111652875
3893828,England Women's,47521,Alessia Russo,0.03990399567484558
3893828,England Women's,10252,Alex Greenwood,0.1354970968820771
3893828,England Women's,15550,Bethany England,0.026662498193729504
3893828,England Women's,15570,Chloe Kelly,0.03410138381631557
3893828,England Women's,31534,Ella Toone,0.04019000326440725
3893828,England Women's,4643,Georgia Stanway,0.03761095694802974
3893828,England Women's,19422,Jessica Carter,0.11336092204653861
3893828,England Women's,31540,Katie Zelem,0.08456727510232073
3893828,England Women's,19416,Laura Coombs,0.04287463080943886
3893828,England Women's,15555,Lauren Hemp,0.039851390041833586
3893828,England Women's,31531,Lauren James,0.059455400161539766
3893828,England Women's,10178,Lucy Bronze,0.07685467396209603
3893828,England Women's,31538,Mary Alexandra Earps,0.025554908212986515
3893828,England Women's,4642,Millie Bright,0.14215732207342696
3893828,England Women's,15631,Niamh Charles,0.038389594334040426
3893828,England Women's,5058,Rachel Daly,0.0629679484763734
3893828,China PR Women's,402019,Chengshu Wu,0.10172065693646667
3893828,China PR Women's,25480,Haiyan Wu,0.03517412110520736
3893828,China PR Women's,25482,Jiahui Lou,0.08982346717263327
3893828,China PR Women's,131579,Lina Yang,0.10345165096062735
3893828,China PR Women's,402024,Lingwei Yao,0.07518533894352411
3893828,China PR Women's,402025,Linyan Zhang,0.13402814150193254
3893828,China PR Women's,131575,Mengwen Li,0.10924949243932074
3893828,China PR Women's,402018,Mengyu Shen,0.02910457887421363
3893828,China PR Women's,131583,Qiaozhu Chen,0.1165124957335661
3893828,China PR Women's,25485,Shanshan Wang,0.03949425432647441
3893828,China PR Women's,24461,Shuang Wang,0.0755432053372379
3893828,China PR Women's,25484,Yao Wei,0.03251416361210351
3893828,China PR Women's,25488,Yasha Gu,0.04748414734240633
3893828,China PR Women's,131695,Yu Zhu,0.010714285714285716
3893829,Panama Women's,359388,Aldrith Ivana Quintero Humphries,0.050613442524974954
3893829,Panama Women's,402784,Carina Alicia Baltrip-Reyes,0.12989034798004384
3893829,Panama Women's,402790,Carmen Milagros Montenegro Martínez,0.05585902378593707
3893829,Panama Women's,402798,Deysiré Mayte Salazar Biscaino,0.053492079752961184
3893829,Panama Women's,402788,Emily Masiel Cedeño Coba,0.033310611920223915
3893829,Panama Women's,402787,Erika Janeth Hernández Díaz,0.04099377613665744
3893829,Panama Women's,402794,Hilary Stacy Jaén Rodríguez,0.09551755197934109
3893829,Panama Women's,135588,Lineth Cedeno,0.06233253293368663
3893829,Panama Women's,361339,Marta Alexandra Cox Villarreal,0.21824639082683686
3893829,Panama Women's,402797,Natalia Didelka Mills Urrunaga,0.01755794666295259
3893829,Panama Women's,402791,Rebeca Margoth Espinosa Justavino,0.036133921703963345
3893829,Panama Women's,395287,Riley Tanner Rintala,0.07591543110305493
3893829,Panama Women's,402796,Schiandra Yael González Jurado,0.037915012332319545
3893829,Panama Women's,402792,Wendy Yisbel Natis Bárcenas,0.045638142805573566
3893829,Panama Women's,402781,Yenith Elizabett Bailey de la Cruz,0.013383035047759981
3893829,Panama Women's,402786,Yomira Tibisay Pinzón Ríos,0.03320075250371339
3893829,France Women's,15249,Amel Majri,0.04367644081635597
3893829,France Women's,31636,Clara Mateo,0.09561329667305327
3893829,France Women's,30969,Elisa De Almeida,0.08544932342797246
3893829,France Women's,31783,Estelle Cascarino,0.10014587741352003
3893829,France Women's,10418,Eve Perisset,0.08023080008803106
3893829,France Women's,10137,Kadidiatou Diani,0.058656985402068915
3893829,France Women's,45157,Laurina Fazer,0.044386007079769106
3893829,France Women's,31529,Léa Le Garrec,0.10959748698153504
3893829,France Women's,31784,Maëlle Lakrar,0.10106256404316909
3893829,France Women's,10272,Onema Grace Geyoro,0.04942356838285171
3893829,France Women's,15615,Pauline Peyraud Magnin,0.028374529727176856
3893829,France Women's,15471,Selma Bacha,0.07802558101413425
3893829,France Women's,49233,Vicki Becho,0.08641432801380936
3893829,France Women's,25834,Viviane Asseyi,0.038943210936553056
3893830,Sweden Women's,26092,Amanda Ilestedt,0.10018071606807452
3893830,Sweden Women's,225182,Anna Sandberg,0.11417547950389567
3893830,Sweden Women's,10221,Elin Ingrid Johanna Rubensson,0.06891050378748631
3893830,Sweden Women's,10229,Emma Stina Blackstenius,0.012305271236801802
3893830,Sweden Women's,13881,Eva Sofia Jakobsson,0.06928133851444478
3893830,Sweden Women's,34499,Hanna Ulrika Bennison,0.0773096121342566
3893830,Sweden Women's,62667,Jennifer Miley Falk,0.021192343006476752
3893830,Sweden Women's,62710,Johanna Rytting-Kaneryd,0.027898391483246344
3893830,Sweden Women's,25697,Lina Mona Andréa Hurtig,0.03541106140066338
3893830,Sweden Women's,10230,Linda Brigitta Sembrant,0.03941257200700231
3893830,Sweden Women's,25696,Madelen Fatimma Maria Janogy,0.08398007820557962
3893830,Sweden Women's,4633,Magdalena Lilly Eriksson,0.11908189739973363
3893830,Sweden Women's,10205,Olivia Alma Charlotta Schough,0.04185598231495657
3893830,Sweden Women's,32405,Rebecka Blomqvist,0.05462730945606716
3893830,Sweden Women's,10224,Sara Caroline Seger,0.04253669601314879
3893830,Sweden Women's,224842,Stina Olivia Lennartsson,0.0918407474681659
3893830,Argentina Women's,25768,Adriana María Sachs,0.03175406554284203
3893830,Argentina Women's,25634,Aldana Cometti,0.07050640015212695
3893830,Argentina Women's,402466,Camila Gómez Ares,0.07888035430060206
3893830,Argentina Women's,402461,Daiana Micaela Falfán,0.02793327239608715
3893830,Argentina Women's,26051,Dalila Belén Ippolito,0.03770558843866326
3893830,Argentina Women's,25633,Eliana Noemí Stábile,0.06664401231965213
3893830,Argentina Women's,4944,Estefanía Romina Banini Ruiz,0.11747295472815827
3893830,Argentina Women's,402459,Gabriela Patricia Chávez,0.02615453729160046
3893830,Argentina Women's,402465,Julieta Micaela Cruz Navarrete,0.10728872260695349
3893830,Argentina Women's,25602,Mariana Valeria Larroquette,0.10481089707000699
3893830,Argentina Women's,25640,María Florencia Bonsegundo,0.042464603083038246
3893830,Argentina Women's,402467,Romina Stefania Núñez,0.1106338383942517
3893830,Argentina Women's,370851,Sophie Wais Braun,0.09197689642790724
3893830,Argentina Women's,25611,Vanina Noemí Correa,0.014628671155002394
3893830,Argentina Women's,387290,Yamila Tamara Rodríguez,0.03516570170238083
3893830,Argentina Women's,402463,Érica Noelia Lonigro,0.035979484390726915
3893831,Italy Women's,32162,Arianna Caruso,0.07316651938668714
3893831,Italy Women's,10211,Barbara Bonansea,0.06500646420285647
3893831,Italy Women's,47117,Benedetta Orsi,0.08504508254028587
3893831,Italy Women's,135571,Chiara Beccari,0.09568677647753357
3893831,Italy Women's,10203,Cristiana Girelli,0.05434768848415649
3893831,Italy Women's,10208,Elena Linari,0.05829298239921265
3893831,Italy Women's,10371,Elisa Bartoli,0.031718898144718684
3893831,Italy Women's,32152,Francesca Durante,0.03339237627520067
3893831,Italy Women's,45884,Giada Greggi,0.02873055316029464
3893831,Italy Women's,349028,Giulia Dragoni,0.0760066494172206
3893831,Italy Women's,25770,Lisa Boattin,0.10996058950512264
3893831,Italy Women's,46224,Lucia Di Guglielmo,0.06300944854345217
3893831,Italy Women's,10228,Manuela Giugliano,0.07462919872126986
3893831,Italy Women's,45638,Sofia Cantore,0.03990208065665578
3893831,Italy Women's,25541,Valentina Giacinti,0.1111046920853328
3893831,South Africa Women's,25747,Bambanani Nolufefe Mbane,0.03393885764156033
3893831,South Africa Women's,402119,Bongeka Gamede,0.0797531757840336
3893831,South Africa Women's,402126,Hildah Tholakele Magaia,0.13694994753104447
3893831,South Africa Women's,25511,Jermaine Seoposenwe,0.14824831817773407
3893831,South Africa Women's,402118,Karabo Dhlamini,0.0861358047588924
3893831,South Africa Women's,25746,Kaylin Swart,0.032710407461495505
3893831,South Africa Women's,25520,Lebogang Ramalepe,0.11018356762751016
3893831,South Africa Women's,5053,Linda Maserame Motlhalo,0.09264137027828406
3893831,South Africa Women's,402124,Mapula Nomvula Kgoale,0.048844899390949416
3893831,South Africa Women's,25514,Noko Matlou,0.044457631817428046
3893831,South Africa Women's,402121,Robyn Kimberly Moodaly,0.027164382700925402
3893831,South Africa Women's,5052,Thembi Kgatlana,0.14240245493685255
3893831,South Africa Women's,402117,Tiisetso Makhubela,0.016569181893290402
3893832,Brazil Women's,389489,Adriana Leal da Silva,0.07661242615946645
3893832,Brazil Women's,24368,Andressa Alves da Silva,0.010000000000000002
3893832,Brazil Women's,50003,Antonia Ronnycleide da Costa Silva,0.0865503131535389
3893832,Brazil Women's,389488,Ariadina Alves Borges,0.054867503445430635
3893832,Brazil Women's,25561,Beatriz Zaneratto João,0.04747523640430466
3893832,Brazil Women's,5044,Débora Cristiane de Oliveira,0.05603344074667867
3893832,Brazil Women's,25543,Geyse da Silva Ferreira,0.02534013340787495
3893832,Brazil Women's,25556,Kathellen Sousa Feitoza,0.08554010311398061
3893832,Brazil Women's,105708,Kerolin Nicoli Israel Ferraz,0.11609585089572666
3893832,Brazil Women's,131581,Letícia Izidoro Lima da Silva,0.019158425644575386
3893832,Brazil Women's,25743,Luana Bertolucci Paixão,0.08001349261337895
3893832,Brazil Women's,387449,Maria Eduarda Ferreira Sampaio,0.016389918934741843
3893832,Brazil Women's,5082,Marta Vieira da Silva Veiga,0.08781300662172212
3893832,Brazil Women's,131570,Rafaelle Leone Carvalho Souza,0.11328582356360384
3893832,Brazil Women's,25559,Tamires Cássia Dias de Britto,0.12482432529497625
3893832,Jamaica Women's,25545,Allyson Swaby,0.03951921906456926
3893832,Jamaica Women's,327719,Atlanta Reigan Primus,0.10098516340633948
3893832,Jamaica Women's,25558,Chantelle Swaby,0.04043691890060475
3893832,Jamaica Women's,25546,Cheyna Lee Matthews,0.07304482575840947
3893832,Jamaica Women's,25557,Deneisha Selena Blackwood,0.09329870033105607
3893832,Jamaica Women's,4638,Drew Spence,0.10577539059570602
3893832,Jamaica Women's,25538,Jody Brown,0.14323680645132725
3893832,Jamaica Women's,25554,Khadija Monifa Shaw,0.14273736406128165
3893832,Jamaica Women's,18158,Rebecca Leigh Spencer,0.037689592261496756
3893832,Jamaica Women's,402179,Solai Washington,0.035468453687038506
3893832,Jamaica Women's,402176,Tiernny Arlene Wiltshire,0.058644869738360875
3893832,Jamaica Women's,25535,Tiffany Cameron,0.058551093461268244
3893832,Jamaica Women's,21014,Vyan Sampson,0.07061160228254183
3893833,Germany Women's,15178,Alexandra Popp,0.07229705752368719
3893833,Germany Women's,46999,Chantal Hagel,0.12958502952881001
3893833,Germany Women's,46987,Jule Brand,0.08377280357817862
3893833,Germany Women's,10399,Kathrin Julia Hendrich,0.11096944024828186
3893833,Germany Women's,25729,Klara Bühl,0.07963953470025992
3893833,Germany Women's,25476,Lea Schüller,0.06034383004126896
3893833,Germany Women's,46986,Lena Lattwein,0.04079456605109821
3893833,Germany Women's,25478,Lena Oberdorf,0.09561535374599626
3893833,Germany Women's,25491,Marina Hegering,0.1132282788111935
3893833,Germany Women's,15443,Merle Frohms,0.03741550504905274
3893833,Germany Women's,46549,Nicole Anyomi,0.016923700544832082
3893833,Germany Women's,10263,Sara Däbritz,0.06298101382972933
3893833,Germany Women's,10374,Svenja Huth,0.06358795017044705
3893833,Germany Women's,24883,Sydney Lohmann,0.0328459361771645
3893833,Korea Republic Women's,403291,Casey Yu-Jin Phair,0.08382099369040527
3893833,Korea Republic Women's,403289,Eun-Sun Park,0.022146006427636186
3893833,Korea Republic Women's,403274,Ga-Ram Chun,0.06379660608502784
3893833,Korea Republic Women's,25451,Hye-Ri Kim,0.025012171054650558
3893833,Korea Republic Women's,403286,Hyo-Joo Choo,0.06748690601689113
3893833,Korea Republic Women's,403284,Jung-Mi Kim,0.01894854509618605
3893833,Korea Republic Women's,25717,Mi-Ra Moon,0.04136118155106879
3893833,Korea Republic Women's,25447,Sel-Gi Jang,0.12543118575729875
3893833,Korea Republic Women's,403287,Seo-Yeon Shim,0.0542177106068283
3893833,Korea Republic Women's,22798,So-Hyun Cho,0.0965606279372199
3893833,Korea Republic Women's,4647,So-Yun Ji,0.15882091912755597
3893833,Korea Republic Women's,25450,Young-Ju Lee,0.08320764875580287
3893833,Korea Republic Women's,403290,Yu-Ri Choe,0.15918949789342854
3893834,Morocco Women's,31629,Anissa Lahmari,0.1138693432661639
3893834,Morocco Women's,31641,Elodie Nakkach,0.0870831535427255
3893834,Morocco Women's,402666,Fatima Zahra Tagnaout,0.15468488583057594
3893834,Morocco Women's,402663,Ghizlane Chebbak,0.12601925835836997
3893834,Morocco Women's,402658,Hanane Aït El Haj,0.07097325793820809
3893834,Morocco Women's,402661,Ibtissam Jraïdi,0.09546864634840621
3893834,Morocco Women's,402656,Khadija Er-Rmichi,0.01603942690699779
3893834,Morocco Women's,135153,Nesryne El Chad,0.0401344459757697
3893834,Morocco Women's,402660,Nouhaila Benzina,0.028955661164950082
3893834,Morocco Women's,21048,Rosella Ayane,0.03770833963553089
3893834,Morocco Women's,402655,Sakina Ouzraoui Diki,0.11661461063865045
3893834,Morocco Women's,46564,Salma Amani,0.05532674748620174
3893834,Morocco Women's,402665,Zineb Redouani,0.057122222907449845
3893834,Colombia Women's,403283,Carolina Arias Vidal,0.07121316254492317
3893834,Colombia Women's,46344,Catalina Pérez Jaramillo,0.01797170159225789
3893834,Colombia Women's,403277,Daniela Alexandra Árias Rojas,0.09673753790309461
3893834,Colombia Women's,403282,Daniela Montoya Quiróz,0.07035232422656834
3893834,Colombia Women's,403280,Diana Carolina Ospina García Pineda,0.03682639673086269
3893834,Colombia Women's,325210,Ivonne Chacón,0.019410420422284767
3893834,Colombia Women's,388473,Jorelyn Andrea Daniela Carabalí Martínez,0.09147064020936084
3893834,Colombia Women's,32215,Leicy Maria Santos Herrera,0.12271470586357738
3893834,Colombia Women's,386339,Linda Lizeth Caicedo Alegría,0.0750151039646985
3893834,Colombia Women's,49904,Lorena Bedoya Durango,0.053249060703986044
3893834,Colombia Women's,49945,Manuela Vanegas Cataño,0.13759695331583563
3893834,Colombia Women's,403281,Marcela Restrepo Valencia,0.019699279225495844
3893834,Colombia Women's,403278,María Catalina Usme Pineda,0.10548719391766227
3893834,Colombia Women's,53188,Mayra Tatiana Ramírez Ramírez,0.08225551937939177
3901733,Switzerland Women's,10408,Ana-Maria Crnogorčević,0.08142431927839586
3901733,Switzerland Women's,31630,Coumba Sow,0.044642574697342355
3901733,Switzerland Women's,10407,Eseosa Aigbogun,0.05572793502718064
3901733,Switzerland Women's,10406,Fabienne Humm,0.016942220341871643
3901733,Switzerland Women's,10400,Gaëlle Thalmann,0.06336096365086298
3901733,Switzerland Women's,10419,Géraldine Reuteler,0.05743486719092391
3901733,Switzerland Women's,32101,Julia Stierli,0.08682666384968196
3901733,Switzerland Women's,49873,Lara Marti,0.015376408434315952
3901733,Switzerland Women's,10405,Lia Wälti,0.11778514922290359
3901733,Switzerland Women's,10420,Meriame Terchoun,0.05129123952893051
3901733,Switzerland Women's,276579,Nadine Riesen,0.06661203416229564
3901733,Switzerland Women's,10404,Noelle Maritz,0.09464612917996307
3901733,Switzerland Women's,4659,Ramona Bachmann,0.11726198034178123
3901733,Switzerland Women's,43045,Sandrine Mauron,0.032715976397864534
3901733,Switzerland Women's,32105,Seraina Piubel,0.05010972939934718
3901733,Switzerland Women's,10417,Viola Calligaris,0.0478418092963389
3901733,Spain Women's,15284,Aitana Bonmati Conca,0.1009836251827296
3901733,Spain Women's,50151,Alba María Redondo Ferrer,0.06390976596308967
3901733,Spain Women's,10143,Alexia Putellas Segura,0.04015096803738172
3901733,Spain Women's,49913,Athenea del Castillo Belvide,0.01843260325384467
3901733,Spain Women's,45295,Catalina Thomas Coll Lluch,0.02244125236590392
3901733,Spain Women's,50146,Esther Gonzalez Rodríguez,0.04150768063821587
3901733,Spain Women's,50152,Eva Maria Navarro,0.017759873451356566
3901733,Spain Women's,50150,Irene Guerrero Sanmartín,0.01533320727971028
3901733,Spain Women's,10165,Irene Paredes Hernandez,0.13016482348238384
3901733,Spain Women's,10151,Jennifer Hermoso Fuentes,0.08853712141446438
3901733,Spain Women's,32694,Laia Codina Panedas,0.09297292381930114
3901733,Spain Women's,126508,María Pérez,0.02755931820770426
3901733,Spain Women's,49889,Oihane Hernández Zurbano,0.09732766283616892
3901733,Spain Women's,46639,Ona Batlle Pascual,0.1074133427385193
3901733,Spain Women's,222682,Salma Paralluelo Ayingono,0.06492397734439365
3901733,Spain Women's,49835,Teresa Abelleira Dueñas,0.07058185398483247
3901734,Japan Women's,401925,Aoba Fujino,0.06782714236664415
3901734,Japan Women's,25627,Ayaka Yamashita,0.027413905265744637
3901734,Japan Women's,299860,Fuka Nagano,0.09572044379158427
3901734,Japan Women's,401926,Hana Takahashi,0.10975855404306768
3901734,Japan Women's,401932,Hinata Miyazawa,0.10594222702182203
3901734,Japan Women's,25608,Jun Endo,0.12218363375823285
3901734,Japan Women's,85500,Mina Tanaka,0.06530714747177818
3901734,Japan Women's,25638,Moeka Minami,0.12756571761889182
3901734,Japan Women's,401930,Riko Ueki,0.03139032179289567
3901734,Japan Women's,25624,Risa Shimizu,0.07324318264656812
3901734,Japan Women's,15257,Saki Kumagai,0.08028720413759217
3901734,Japan Women's,25632,Yui Hasegawa,0.09336052008517817
3901734,Norway Women's,10385,Ada Stolsmo Hegerberg,0.050780030236924505
3901734,Norway Women's,36800,Aurora Watten Mikalsen,0.02767245493798641
3901734,Norway Women's,10386,Caroline Graham Hansen,0.10269006972995473
3901734,Norway Women's,10392,Emilie Haavi,0.041339960872964814
3901734,Norway Women's,10516,Frida Maanum,0.03542794786841985
3901734,Norway Women's,10514,Guro Reiten,0.08329876160514527
3901734,Norway Women's,24374,Ingrid Syrstad Engen,0.07979157557467453
3901734,Norway Women's,25728,Karina Sævik,0.04177859910631498
3901734,Norway Women's,10395,Maren Nævdal Mjelde,0.12627691665549476
3901734,Norway Women's,401645,Mathilde Hauge Harviken,0.11463702414850419
3901734,Norway Women's,401646,Sara Iren Lindbak Hørte,0.047982905406839776
3901734,Norway Women's,24706,Sophie Roman Haug,0.09107356084624343
3901734,Norway Women's,276303,Thea Bjelde,0.04216411531676755
3901734,Norway Women's,276288,Tuva Hansen,0.06515434475332599
3901734,Norway Women's,25466,Vilde Bøe Risa,0.049931732940439295
3901735,England Women's,47521,Alessia Russo,0.07617308967577936
3901735,England Women's,10252,Alex Greenwood,0.09976809948959342
3901735,England Women's,15550,Bethany England,0.027676969719174424
3901735,England Women's,15570,Chloe Kelly,0.05098395646740771
3901735,England Women's,4643,Georgia Stanway,0.1002361956713479
3901735,England Women's,19422,Jessica Carter,0.09609533229502377
3901735,England Women's,31540,Katie Zelem,0.02403238699378476
3901735,England Women's,4658,Keira Walsh,0.10459769341063904
3901735,England Women's,15555,Lauren Hemp,0.06483567239662782
3901735,England Women's,31531,Lauren James,0.052152898943861645
3901735,England Women's,10178,Lucy Bronze,0.08646608161665309
3901735,England Women's,31538,Mary Alexandra Earps,0.03483349171961225
3901735,England Women's,4642,Millie Bright,0.07714652483054846
3901735,England Women's,5058,Rachel Daly,0.10500160676994645
3901735,Nigeria Women's,50020,Antionette Oyedupe Payne,0.06467335082915278
3901735,Nigeria Women's,135755,Ashleigh Plumptre,0.11701242824489658
3901735,Nigeria Women's,24881,Asisat Lamina Oshoala,0.059056848250802374
3901735,Nigeria Women's,25718,Chiamaka Cynthia Nnadozie,0.05654797649033672
3901735,Nigeria Women's,62908,Christy Onyenaturuchi Ucheibe,0.08151110932362152
3901735,Nigeria Women's,5022,Francisca Ordega,0.05230408559261469
3901735,Nigeria Women's,25469,Halimatu Ibrahim Ayinde,0.045385502631257346
3901735,Nigeria Women's,5094,Ifeoma Onumonu,0.03926136288971696
3901735,Nigeria Women's,401728,Jennifer Onyi Echegini,0.024386654883499944
3901735,Nigeria Women's,106836,Michelle Alozie,0.083427784532139
3901735,Nigeria Women's,338631,Oluwatosin Blessing Demehin,0.0662518975892589
3901735,Nigeria Women's,25470,Osinachi Marvis Ohale,0.0709067726111735
3901735,Nigeria Women's,26156,Rasheedat Busayo Ajibade,0.15294967784271388
3901735,Nigeria Women's,25461,Uchenna Kanu,0.07437330221128399
3901735,Nigeria Women's,25472,Ugochi Desire Oparanozie,0.011951246077531771
3901736,Denmark Women's,224831,Amalie Jørgensen Vangsgaard,0.04886116444939205
3901736,Denmark Women's,32227,Emma Snerle,0.019066795524304417
3901736,Denmark Women's,87195,Janni Thomsen,0.05767918357412508
3901736,Denmark Women's,32699,Josefine Hasbo,0.026747051037770444
3901736,Denmark Women's,32230,Karen Holmgaard,0.059701180345208264
3901736,Denmark Women's,276443,Kathrine Møller Kühl,0.07909107878825528
3901736,Denmark Women's,10088,Katrine Veje,0.13500879021360673
3901736,Denmark Women's,276442,Lene Christensen,0.02243700330516555
3901736,Denmark Women's,87187,Mille Gejl Jensen,0.019559212446593956
3901736,Denmark Women's,10108,Pernille Mosegaard Harder,0.09045837893083114
3901736,Denmark Women's,15789,Rikke Læntver Sevecke,0.04186379805389847
3901736,Denmark Women's,87191,Rikke Marie Madsen,0.05790845052271494
3901736,Denmark Women's,10109,Sanne Troelsgaard-Nielsen,0.036663784445625916
3901736,Denmark Women's,24460,Signe Kallesøe Bruun,0.03302708784250935
3901736,Denmark Women's,10111,Simone Boye-Sørensen,0.14589250377336874
3901736,Denmark Women's,87185,Stine Ballisager Pedersen,0.12603453674662948
3901736,Australia Women's,5078,Alanna Stephanie Kennedy,0.09168683589911876
3901736,Australia Women's,11338,Caitlin Jade Foord,0.1039330609322303
3901736,Australia Women's,401635,Clare Hunt,0.09658954367386961
3901736,Australia Women's,401634,Cortnee Brooke Vine,0.015857291892676477
3901736,Australia Women's,5095,Ellie Madison Carpenter,0.06853793977422089
3901736,Australia Women's,5076,Emily Louise van Egmond,0.08434574235687209
3901736,Australia Women's,6818,Hayley Emma Raso,0.08025362908413361
3901736,Australia Women's,4979,Katrina Gorry,0.12101724244318858
3901736,Australia Women's,131586,Kyra Lillee Cooney-Cross,0.09463566580467464
3901736,Australia Women's,42787,Mackenzie Arnold,0.043609971541202386
3901736,Australia Women's,35693,Mary Boio Fowler,0.06347747814958175
3901736,Australia Women's,4961,Samantha May Kerr,0.029976623028081545
3901736,Australia Women's,5000,Stephanie-Elise Catley,0.10607897542014937
3901796,Netherlands Women's,47541,Damaris Berta Egurrola Wienke,0.04329232724714615
3901796,Netherlands Women's,10658,Danielle van de Donk,0.06771369757057256
3901796,Netherlands Women's,32339,Daphne van Domselaar,0.01622188294670584
3901796,Netherlands Women's,10666,Dominique Johanna Anna Petrone Janssen,0.11265788110188762
3901796,Netherlands Women's,62962,Esmee Brugts,0.12408538407064287
3901796,Netherlands Women's,10654,Jackie Groenen,0.0823692487590558
3901796,Netherlands Women's,46558,Jill Bayings,0.020477675702192406
3901796,Netherlands Women's,10650,Jill Roord,0.08206714636030979
3901796,Netherlands Women's,221888,Kerstin Yasmijn Casparij,0.01791510050221556
3901796,Netherlands Women's,10649,Lieke Martens,0.09577566159141548
3901796,Netherlands Women's,10656,Lineth Beerensteyn,0.06272524098201573
3901796,Netherlands Women's,32333,Lynn Wilms,0.012672234931860062
3901796,Netherlands Women's,10645,Sherida Spitse,0.09909179911981902
3901796,Netherlands Women's,10647,Stephanie van der Gragt,0.08547366953706861
3901796,Netherlands Women's,63788,Victoria Pelova,0.07746104957709252
3901796,South Africa Women's,25747,Bambanani Nolufefe Mbane,0.02739004942455095
3901796,South Africa Women's,402119,Bongeka Gamede,0.09050613104767231
3901796,South Africa Women's,402126,Hildah Tholakele Magaia,0.10628401389437415
3901796,South Africa Women's,25511,Jermaine Seoposenwe,0.04084446347935154
3901796,South Africa Women's,402118,Karabo Dhlamini,0.10745453801575322
3901796,South Africa Women's,25746,Kaylin Swart,0.03490291752637997
3901796,South Africa Women's,25521,Kholosa Biyana,0.11625920187857136
3901796,South Africa Women's,25520,Lebogang Ramalepe,0.08184498104972661
3901796,South Africa Women's,5053,Linda Maserame Motlhalo,0.10536241181980817
3901796,South Africa Women's,402125,Melinda Kgadiete,0.01503336415618891
3901796,South Africa Women's,25514,Noko Matlou,0.028303701529050145
3901796,South Africa Women's,5052,Thembi Kgatlana,0.1230756657462317
3901796,South Africa Women's,402117,Tiisetso Makhubela,0.034436012748879224
3901796,South Africa Women's,402127,Wendy Shongwe,0.08830254768346177
3901797,United States Women's,5085,Alexandra Morgan Carrasco,0.07612590358555711
3901797,United States Women's,5100,Alyssa Michele Naeher,0.02542398446673111
3901797,United States Women's,4940,Andi Sullivan,0.07029978274707152
3901797,United States Women's,5088,Crystal Alyssia Dunn Soubrier,0.06171770934923046
3901797,United States Women's,107491,Emily Ann Fox,0.12584059618754614
3901797,United States Women's,5003,Emily Ann Sonnett,0.0931909497619742
3901797,United States Women's,6811,Julie Beth Ertz,0.07243044215673577
3901797,United States Women's,5021,Kelley Maureen O'Hara,0.010714285714285716
3901797,United States Women's,4999,Lindsey Michelle Horan,0.13555448897938543
3901797,United States Women's,5055,Lynn Raenie Williams,0.05667308785902602
3901797,United States Women's,8298,Megan Anna Rapinoe,0.019751915013933027
3901797,United States Women's,219423,Naomi Haile Girma,0.10461479704728825
3901797,United States Women's,49172,Sophia Olivia Smith,0.09060020920847864
3901797,United States Women's,107917,Trinity Rain Moyer-Rodman,0.057061847922756447
3901797,Sweden Women's,26092,Amanda Ilestedt,0.07684481746504461
3901797,Sweden Women's,10221,Elin Ingrid Johanna Rubensson,0.06848882777158452
3901797,Sweden Women's,10229,Emma Stina Blackstenius,0.09102223746150005
3901797,Sweden Women's,13881,Eva Sofia Jakobsson,0.033123119112525794
3901797,Sweden Women's,10215,Fridolina Rolfö,0.1428783439368954
3901797,Sweden Women's,26093,Gun Nathalie Björn,0.11685395686631733
3901797,Sweden Women's,34499,Hanna Ulrika Bennison,0.028645011833719397
3901797,Sweden Women's,62666,Ingrid Filippa Angeldal,0.10049019072841824
3901797,Sweden Women's,62710,Johanna Rytting-Kaneryd,0.06885068687460907
3901797,Sweden Women's,10222,Jonna Ann-Charlotte Andersson,0.09467945656658684
3901797,Sweden Women's,10220,Kosovare Asllani,0.07070486083856277
3901797,Sweden Women's,25697,Lina Mona Andréa Hurtig,0.03927523931207932
3901797,Sweden Women's,4633,Magdalena Lilly Eriksson,0.05088708290050931
3901797,Sweden Women's,62713,Zecira Musovic,0.017256168331647295
3901832,Jamaica Women's,25545,Allyson Swaby,0.07515108835301548
3901832,Jamaica Women's,327719,Atlanta Reigan Primus,0.07809164522832421
3901832,Jamaica Women's,25558,Chantelle Swaby,0.05803259871957522
3901832,Jamaica Women's,25546,Cheyna Lee Matthews,0.02108613487452631
3901832,Jamaica Women's,25557,Deneisha Selena Blackwood,0.08924723155317038
3901832,Jamaica Women's,4638,Drew Spence,0.16978271437001105
3901832,Jamaica Women's,25538,Jody Brown,0.08011569190779516
3901832,Jamaica Women's,402177,Kalyssa van Zanten,0.027147461810907516
3901832,Jamaica Women's,402178,Kameron Necole Simmonds,0.03642162214546461
3901832,Jamaica Women's,25554,Khadija Monifa Shaw,0.12061324511048971
3901832,Jamaica Women's,402175,Peyton McNamara,0.01576785825399421
3901832,Jamaica Women's,18158,Rebecca Leigh Spencer,0.04188934609644769
3901832,Jamaica Women's,402176,Tiernny Arlene Wiltshire,0.0341145508266265
3901832,Jamaica Women's,25535,Tiffany Cameron,0.02542266887842604
3901832,Jamaica Women's,25553,Trudi Sudan Carter,0.06531528215900348
3901832,Jamaica Women's,21014,Vyan Sampson,0.06180085971222239
3901832,Colombia Women's,403271,Ana María Guzmán Zapata,0.08703970647208621
3901832,Colombia Women's,403283,Carolina Arias Vidal,0.10596681471289486
3901832,Colombia Women's,46344,Catalina Pérez Jaramillo,0.014969694031540998
3901832,Colombia Women's,403277,Daniela Alexandra Árias Rojas,0.038934876786674774
3901832,Colombia Women's,403282,Daniela Montoya Quiróz,0.021081986329375295
3901832,Colombia Women's,403280,Diana Carolina Ospina García Pineda,0.07767868271941883
3901832,Colombia Women's,388473,Jorelyn Andrea Daniela Carabalí Martínez,0.05136154552749735
3901832,Colombia Women's,32215,Leicy Maria Santos Herrera,0.14641081062637673
3901832,Colombia Women's,386339,Linda Lizeth Caicedo Alegría,0.12853941821199721
3901832,Colombia Women's,49904,Lorena Bedoya Durango,0.08724240700452127
3901832,Colombia Women's,403278,María Catalina Usme Pineda,0.13198322199633739
3901832,Colombia Women's,53188,Mayra Tatiana Ramírez Ramírez,0.10879083558127911
3901833,France Women's,32216,Aïssatou Tounkara,0.010784226225399478
3901833,France Women's,30969,Elisa De Almeida,0.12491627194608429
3901833,France Women's,31783,Estelle Cascarino,0.015330696038707719
3901833,France Women's,10121,Eugénie Le Sommer,0.07104834028027704
3901833,France Women's,10418,Eve Perisset,0.0760246318979294
3901833,France Women's,10137,Kadidiatou Diani,0.06619029509136717
3901833,France Women's,15421,Kenza Dali,0.08061319604623929
3901833,France Women's,30961,Naomie Feller,0.013839279484266316
3901833,France Women's,10272,Onema Grace Geyoro,0.0877338601852587
3901833,France Women's,15615,Pauline Peyraud Magnin,0.04371431664153748
3901833,France Women's,10117,Sakina Karchaoui,0.10554250832195092
3901833,France Women's,30971,Sandie Toletti,0.07665808568424057
3901833,France Women's,15471,Selma Bacha,0.06710204697256993
3901833,France Women's,49233,Vicki Becho,0.023570176393558896
3901833,France Women's,10125,Wendie Renard,0.13693206879061282
3901833,Morocco Women's,31629,Anissa Lahmari,0.06738775861611519
3901833,Morocco Women's,31641,Elodie Nakkach,0.06479885853955622
3901833,Morocco Women's,402666,Fatima Zahra Tagnaout,0.08698884551230801
3901833,Morocco Women's,402663,Ghizlane Chebbak,0.13631923550688801
3901833,Morocco Women's,402658,Hanane Aït El Haj,0.05575790551729757
3901833,Morocco Women's,402661,Ibtissam Jraïdi,0.11209669245792059
3901833,Morocco Women's,402656,Khadija Er-Rmichi,0.04330282087738076
3901833,Morocco Women's,135153,Nesryne El Chad,0.035431155620337974
3901833,Morocco Women's,402660,Nouhaila Benzina,0.04222894820937738
3901833,Morocco Women's,21048,Rosella Ayane,0.04553547867830762
3901833,Morocco Women's,402655,Sakina Ouzraoui Diki,0.1267458007099533
3901833,Morocco Women's,135877,Sarah Kassi,0.02104609194794972
3901833,Morocco Women's,402667,Sofia Bouftini,0.03758290289152673
3901833,Morocco Women's,402665,Zineb Redouani,0.12477750491508091
3902239,Japan Women's,401925,Aoba Fujino,0.0780471238013545
3902239,Japan Women's,25627,Ayaka Yamashita,0.036332788084014314
3902239,Japan Women's,299860,Fuka Nagano,0.06508586312172834
3902239,Japan Women's,401926,Hana Takahashi,0.07964076119780497
3902239,Japan Women's,25635,Hina Sugita,0.03456842902449363
3902239,Japan Women's,401932,Hinata Miyazawa,0.07251738899916263
3902239,Japan Women's,131653,Honoka Hayashi,0.03524229887961776
3902239,Japan Women's,25608,Jun Endo,0.06934160027542066
3902239,Japan Women's,389365,Maika Hamano,0.023263255395680863
3902239,Japan Women's,85500,Mina Tanaka,0.047460202898269174
3902239,Japan Women's,25638,Moeka Minami,0.073563702139755
3902239,Japan Women's,401930,Riko Ueki,0.04189725892665699
3902239,Japan Women's,25624,Risa Shimizu,0.11318801673247475
3902239,Japan Women's,15257,Saki Kumagai,0.06347754766695932
3902239,Japan Women's,401928,Takako Seike,0.04879313904926815
3902239,Japan Women's,25632,Yui Hasegawa,0.11758062380733894
3902239,Sweden Women's,26092,Amanda Ilestedt,0.10462954306743849
3902239,Sweden Women's,10221,Elin Ingrid Johanna Rubensson,0.06941208513969035
3902239,Sweden Women's,10229,Emma Stina Blackstenius,0.04590167866320282
3902239,Sweden Women's,13881,Eva Sofia Jakobsson,0.03433546640745389
3902239,Sweden Women's,10215,Fridolina Rolfö,0.05248101708279338
3902239,Sweden Women's,26093,Gun Nathalie Björn,0.12762326811612465
3902239,Sweden Women's,34499,Hanna Ulrika Bennison,0.017606947900031034
3902239,Sweden Women's,62666,Ingrid Filippa Angeldal,0.1157803745858971
3902239,Sweden Women's,62710,Johanna Rytting-Kaneryd,0.06085703829357036
3902239,Sweden Women's,10222,Jonna Ann-Charlotte Andersson,0.06263200105524072
3902239,Sweden Women's,10220,Kosovare Asllani,0.06895986592696622
3902239,Sweden Women's,25697,Lina Mona Andréa Hurtig,0.03636473226043117
3902239,Sweden Women's,25696,Madelen Fatimma Maria Janogy,0.06326748064970208
3902239,Sweden Women's,4633,Magdalena Lilly Eriksson,0.11123885782373241
3902239,Sweden Women's,62713,Zecira Musovic,0.028909643027725127
3902240,Netherlands Women's,62951,Aniek Nouwen,0.027244944803098397
3902240,Netherlands Women's,63783,Caitlin Dijkstra,0.011157618536352583
3902240,Netherlands Women's,47541,Damaris Berta Egurrola Wienke,0.06334774589246443
3902240,Netherlands Women's,32339,Daphne van Domselaar,0.06675781777776216
3902240,Netherlands Women's,10666,Dominique Johanna Anna Petrone Janssen,0.06376545786922005
3902240,Netherlands Women's,62962,Esmee Brugts,0.06953590597268697
3902240,Netherlands Women's,10654,Jackie Groenen,0.07476238514062428
3902240,Netherlands Women's,10650,Jill Roord,0.048782026648407535
3902240,Netherlands Women's,46459,Katja Snoeijs,0.05693339786241652
3902240,Netherlands Women's,221888,Kerstin Yasmijn Casparij,0.014137412861846638
3902240,Netherlands Women's,10649,Lieke Martens,0.12220386332710054
3902240,Netherlands Women's,10656,Lineth Beerensteyn,0.11537108831159498
3902240,Netherlands Women's,32333,Lynn Wilms,0.038954999760200865
3902240,Netherlands Women's,10645,Sherida Spitse,0.06993024119968842
3902240,Netherlands Women's,10647,Stephanie van der Gragt,0.04977502447517267
3902240,Netherlands Women's,63788,Victoria Pelova,0.10734006956136291
3902240,Spain Women's,15284,Aitana Bonmati Conca,0.062218448417736244
3902240,Spain Women's,50151,Alba María Redondo Ferrer,0.04890696086772121
3902240,Spain Women's,10143,Alexia Putellas Segura,0.026291240253096038
3902240,Spain Women's,45295,Catalina Thomas Coll Lluch,0.032756613711098476
3902240,Spain Women's,50146,Esther Gonzalez Rodríguez,0.0698351701288045
3902240,Spain Women's,50152,Eva Maria Navarro,0.02545950075855432
3902240,Spain Women's,50150,Irene Guerrero Sanmartín,0.047543273180356456
3902240,Spain Women's,10165,Irene Paredes Hernandez,0.06244463515425893
3902240,Spain Women's,49831,Ivana Andrés Sanz,0.019857904555192492
3902240,Spain Women's,10151,Jennifer Hermoso Fuentes,0.11576630408101013
3902240,Spain Women's,32694,Laia Codina Panedas,0.03140533939825199
3902240,Spain Women's,10161,María Francesca Caldentey Oliver,0.09707996202310976
3902240,Spain Women's,49889,Oihane Hernández Zurbano,0.10060820677785673
3902240,Spain Women's,49836,Olga  Carmona García,0.022697914545945646
3902240,Spain Women's,46639,Ona Batlle Pascual,0.11690641010003462
3902240,Spain Women's,222682,Salma Paralluelo Ayingono,0.04249525767564644
3902240,Spain Women's,49835,Teresa Abelleira Dueñas,0.07772685837132595
3902967,England Women's,47521,Alessia Russo,0.06122975214908387
3902967,England Women's,10252,Alex Greenwood,0.1164501363718129
3902967,England Women's,15550,Bethany England,0.014080930728575781
3902967,England Women's,15570,Chloe Kelly,0.0386645305956243
3902967,England Women's,31534,Ella Toone,0.09276861395303403
3902967,England Women's,4643,Georgia Stanway,0.1040868032695614
3902967,England Women's,19422,Jessica Carter,0.06167145961446695
3902967,England Women's,4658,Keira Walsh,0.11316581722794844
3902967,England Women's,15555,Lauren Hemp,0.07014784748200587
3902967,England Women's,10178,Lucy Bronze,0.10809190967420729
3902967,England Women's,31538,Mary Alexandra Earps,0.020699475020934926
3902967,England Women's,4642,Millie Bright,0.10423817634701929
3902967,England Women's,5058,Rachel Daly,0.0947045475657249
3902967,Colombia Women's,403271,Ana María Guzmán Zapata,0.09260114356973048
3902967,Colombia Women's,403283,Carolina Arias Vidal,0.021845363398084454
3902967,Colombia Women's,46344,Catalina Pérez Jaramillo,0.010714285714285716
3902967,Colombia Women's,403277,Daniela Alexandra Árias Rojas,0.033707160714776974
3902967,Colombia Women's,403280,Diana Carolina Ospina García Pineda,0.045205391198702684
3902967,Colombia Women's,325210,Ivonne Chacón,0.047759530692380474
3902967,Colombia Women's,388473,Jorelyn Andrea Daniela Carabalí Martínez,0.06981359218895765
3902967,Colombia Women's,32215,Leicy Maria Santos Herrera,0.1690503385732102
3902967,Colombia Women's,386339,Linda Lizeth Caicedo Alegría,0.13757194729141517
3902967,Colombia Women's,49904,Lorena Bedoya Durango,0.06362357257533625
3902967,Colombia Women's,49945,Manuela Vanegas Cataño,0.11000251492951267
3902967,Colombia Women's,403278,María Catalina Usme Pineda,0.10317591877866644
3902967,Colombia Women's,53188,Mayra Tatiana Ramírez Ramírez,0.07896666198325085
3902967,Colombia Women's,403270,Natalia Giraldo Alzáte,0.01596257839168955
3902968,France Women's,30969,Elisa De Almeida,0.10288642173419925
3902968,France Women's,10121,Eugénie Le Sommer,0.08773342420337649
3902968,France Women's,10137,Kadidiatou Diani,0.07500557950688698
3902968,France Women's,15421,Kenza Dali,0.08830166301132758
3902968,France Women's,31784,Maëlle Lakrar,0.09107974079378842
3902968,France Women's,10272,Onema Grace Geyoro,0.08615480055981622
3902968,France Women's,15615,Pauline Peyraud Magnin,0.05241119606681294
3902968,France Women's,10117,Sakina Karchaoui,0.10499428060230588
3902968,France Women's,30971,Sandie Toletti,0.06265686504979708
3902968,France Women's,15471,Selma Bacha,0.07410474046214524
3902968,France Women's,49233,Vicki Becho,0.07625457070122689
3902968,France Women's,10125,Wendie Renard,0.0984167173083169
3902968,Australia Women's,5078,Alanna Stephanie Kennedy,0.10232372903132804
3902968,Australia Women's,11338,Caitlin Jade Foord,0.08662170925703991
3902968,Australia Women's,401635,Clare Hunt,0.08559126833246006
3902968,Australia Women's,401634,Cortnee Brooke Vine,0.03531858122699283
3902968,Australia Women's,5095,Ellie Madison Carpenter,0.09552837369933637
3902968,Australia Women's,5076,Emily Louise van Egmond,0.04743175206505066
3902968,Australia Women's,6818,Hayley Emma Raso,0.06947814690743645
3902968,Australia Women's,4979,Katrina Gorry,0.08648991826922382
3902968,Australia Women's,131586,Kyra Lillee Cooney-Cross,0.07889152955573246
3902968,Australia Women's,42787,Mackenzie Arnold,0.022765819343960284
3902968,Australia Women's,35693,Mary Boio Fowler,0.09726199750998633
3902968,Australia Women's,4961,Samantha May Kerr,0.08853553623102173
3902968,Australia Women's,5000,Stephanie-Elise Catley,0.0913335148235002
3902968,Australia Women's,25549,Tameka Yallop,0.01242812374693074
3904628,Sweden Women's,26092,Amanda Ilestedt,0.10571882163947267
3904628,Sweden Women's,10221,Elin Ingrid Johanna Rubensson,0.08036039357803242
3904628,Sweden Women's,10229,Emma Stina Blackstenius,0.07403179434501968
3904628,Sweden Women's,10215,Fridolina Rolfö,0.08315459037456732
3904628,Sweden Women's,26093,Gun Nathalie Björn,0.11380901308419743
3904628,Sweden Women's,62666,Ingrid Filippa Angeldal,0.08921305451197034
3904628,Sweden Women's,62710,Johanna Rytting-Kaneryd,0.088082895055944
3904628,Sweden Women's,10222,Jonna Ann-Charlotte Andersson,0.06115974460846417
3904628,Sweden Women's,10220,Kosovare Asllani,0.1051395773280328
3904628,Sweden Women's,25697,Lina Mona Andréa Hurtig,0.028088020297947283
3904628,Sweden Women's,4633,Magdalena Lilly Eriksson,0.09817558443403919
3904628,Sweden Women's,10205,Olivia Alma Charlotta Schough,0.02061665977507835
3904628,Sweden Women's,32405,Rebecka Blomqvist,0.023104778835351412
3904628,Sweden Women's,62713,Zecira Musovic,0.0293450721318831
3904628,Spain Women's,15284,Aitana Bonmati Conca,0.1021374917938876
3904628,Spain Women's,50151,Alba María Redondo Ferrer,0.08015122892404734
3904628,Spain Women's,10143,Alexia Putellas Segura,0.04635297349338458
3904628,Spain Women's,45295,Catalina Thomas Coll Lluch,0.0300794228683106
3904628,Spain Women's,50146,Esther Gonzalez Rodríguez,0.015404918804762482
3904628,Spain Women's,50152,Eva Maria Navarro,0.01516093171012197
3904628,Spain Women's,10165,Irene Paredes Hernandez,0.0603296270312644
3904628,Spain Women's,10151,Jennifer Hermoso Fuentes,0.09444293349740918
3904628,Spain Women's,32694,Laia Codina Panedas,0.08364708016021423
3904628,Spain Women's,10161,María Francesca Caldentey Oliver,0.13012771265183126
3904628,Spain Women's,49836,Olga  Carmona García,0.07529659552386331
3904628,Spain Women's,46639,Ona Batlle Pascual,0.12307101426098231
3904628,Spain Women's,222682,Salma Paralluelo Ayingono,0.049450499096484246
3904628,Spain Women's,49835,Teresa Abelleira Dueñas,0.09434757018343665
3904629,England Women's,47521,Alessia Russo,0.09691752409526624
3904629,England Women's,10252,Alex Greenwood,0.1296750678001259
3904629,England Women's,15570,Chloe Kelly,0.016756296870014876
3904629,England Women's,31534,Ella Toone,0.06247528348652469
3904629,England Women's,4643,Georgia Stanway,0.09038848069666502
3904629,England Women's,19422,Jessica Carter,0.09290124837754038
3904629,England Women's,4658,Keira Walsh,0.11243740088231138
3904629,England Women's,15555,Lauren Hemp,0.08358448726377529
3904629,England Women's,10178,Lucy Bronze,0.0887160923245811
3904629,England Women's,31538,Mary Alexandra Earps,0.02639252161162263
3904629,England Women's,4642,Millie Bright,0.11426119770206031
3904629,England Women's,5058,Rachel Daly,0.08549439888951177
3904629,Australia Women's,45287,Alexandra Chidiac,0.035641586923171376
3904629,Australia Women's,11338,Caitlin Jade Foord,0.08795960276291549
3904629,Australia Women's,8382,Clare Elizabeth Polkinghorne,0.07144603060234977
3904629,Australia Women's,401635,Clare Hunt,0.06393873224652397
3904629,Australia Women's,401634,Cortnee Brooke Vine,0.05952457578079904
3904629,Australia Women's,5095,Ellie Madison Carpenter,0.11084134526250994
3904629,Australia Women's,5076,Emily Louise van Egmond,0.015842056884951435
3904629,Australia Women's,6818,Hayley Emma Raso,0.047297787224377275
3904629,Australia Women's,4979,Katrina Gorry,0.08082125927383617
3904629,Australia Women's,131586,Kyra Lillee Cooney-Cross,0.10281247228488069
3904629,Australia Women's,42787,Mackenzie Arnold,0.020850794308546167
3904629,Australia Women's,35693,Mary Boio Fowler,0.0936035831546472
3904629,Australia Women's,4961,Samantha May Kerr,0.09223489578174651
3904629,Australia Women's,5000,Stephanie-Elise Catley,0.11718527750874502
3906389,Sweden Women's,26092,Amanda Ilestedt,0.07479364231093898
3906389,Sweden Women's,10221,Elin Ingrid Johanna Rubensson,0.07608569230371162
3906389,Sweden Women's,10229,Emma Stina Blackstenius,0.06300931926831528
3906389,Sweden Women's,10215,Fridolina Rolfö,0.1280516343095526
3906389,Sweden Women's,26093,Gun Nathalie Björn,0.09823697787026651
3906389,Sweden Women's,62666,Ingrid Filippa Angeldal,0.10328425943059359
3906389,Sweden Women's,62710,Johanna Rytting-Kaneryd,0.07425047515486047
3906389,Sweden Women's,10222,Jonna Ann-Charlotte Andersson,0.10472123054265163
3906389,Sweden Women's,10220,Kosovare Asllani,0.09015977861394724
3906389,Sweden Women's,25697,Lina Mona Andréa Hurtig,0.02728304059343522
3906389,Sweden Women's,4633,Magdalena Lilly Eriksson,0.10745656041241028
3906389,Sweden Women's,32405,Rebecka Blomqvist,0.034641490184986835
3906389,Sweden Women's,62713,Zecira Musovic,0.018025899004329445
3906389,Australia Women's,45287,Alexandra Chidiac,0.02404470132594967
3906389,Australia Women's,11338,Caitlin Jade Foord,0.11421993357375101
3906389,Australia Women's,8382,Clare Elizabeth Polkinghorne,0.05638870440781208
3906389,Australia Women's,401635,Clare Hunt,0.045956707236247216
3906389,Australia Women's,401634,Cortnee Brooke Vine,0.045411756310885475
3906389,Australia Women's,132033,Courtney Jade Nevin,0.014931946197044764
3906389,Australia Women's,5095,Ellie Madison Carpenter,0.08842313010621433
3906389,Australia Women's,5076,Emily Louise van Egmond,0.06354850356040637
3906389,Australia Women's,6818,Hayley Emma Raso,0.0665551201869149
3906389,Australia Women's,4979,Katrina Gorry,0.08534025229470801
3906389,Australia Women's,131586,Kyra Lillee Cooney-Cross,0.08296366182601861
3906389,Australia Women's,42787,Mackenzie Arnold,0.030984608570358334
3906389,Australia Women's,35693,Mary Boio Fowler,0.08079201496733093
3906389,Australia Women's,4961,Samantha May Kerr,0.10192656664306426
3906389,Australia Women's,5000,Stephanie-Elise Catley,0.0985123927932941
3906390,England Women's,47521,Alessia Russo,0.06757758971926874
3906390,England Women's,10252,Alex Greenwood,0.10829440016631124
3906390,England Women's,15550,Bethany England,0.02053106066373161
3906390,England Women's,15570,Chloe Kelly,0.06539466295191852
3906390,England Women's,31534,Ella Toone,0.059809655252533137
3906390,England Women's,4643,Georgia Stanway,0.05516975160170025
3906390,England Women's,19422,Jessica Carter,0.07573055965841653
3906390,England Women's,4658,Keira Walsh,0.13062948904704894
3906390,England Women's,15555,Lauren Hemp,0.08469318650330664
3906390,England Women's,31531,Lauren James,0.05413872334898431
3906390,England Women's,10178,Lucy Bronze,0.13526669661695542
3906390,England Women's,31538,Mary Alexandra Earps,0.031887141702472914
3906390,England Women's,4642,Millie Bright,0.0772349123292373
3906390,England Women's,5058,Rachel Daly,0.03364217043811456
3906390,Spain Women's,15284,Aitana Bonmati Conca,0.12252423927878377
3906390,Spain Women's,50151,Alba María Redondo Ferrer,0.04451303749240834
3906390,Spain Women's,10143,Alexia Putellas Segura,0.03012312368429771
3906390,Spain Women's,45295,Catalina Thomas Coll Lluch,0.025231900018576968
3906390,Spain Women's,10165,Irene Paredes Hernandez,0.0711968960713276
3906390,Spain Women's,49831,Ivana Andrés Sanz,0.014672528637531383
3906390,Spain Women's,10151,Jennifer Hermoso Fuentes,0.11972059706948769
3906390,Spain Women's,32694,Laia Codina Panedas,0.061995525449694645
3906390,Spain Women's,10161,María Francesca Caldentey Oliver,0.12218194250681769
3906390,Spain Women's,49889,Oihane Hernández Zurbano,0.028414024938314186
3906390,Spain Women's,49836,Olga  Carmona García,0.1141334606025891
3906390,Spain Women's,46639,Ona Batlle Pascual,0.09821246797703134
3906390,Spain Women's,222682,Salma Paralluelo Ayingono,0.07266858663668029
3906390,Spain Women's,49835,Teresa Abelleira Dueñas,0.07441166963645934
